,x,y,z,B_Gx,B_Gy,B_Gz,B0
0,-13.906804717039316,0.5348283125787436,-1.6951020228372315,-1.2968053048757207e-05,6.201647809035309e-07,-4.9613182472282475e-06,-1.860494342710593e-06
1,-14.077192422989944,0.4979698633886765,23.33437279155678,-1.3397646360528925e-05,4.2934484831782917e-07,7.267059099305478e-05,-1.7332810543201252e-06
2,-13.882489876557411,-24.476631362375013,-1.5421519764347351,-1.2930286603766288e-05,-8.01920766691412e-05,-4.436563432617568e-06,-1.8604943427105957e-06
3,-14.165295295146027,25.77339902585067,-1.6193988379441222,-1.3119118828720888e-05,8.159142284143636e-05,-5.04082655247229e-06,-2.5283641067605435e-06
4,-14.015697113273337,0.5793261152641909,-26.81701202967387,-1.3435412805519845e-05,6.837714250987647e-07,-8.267273579275533e-05,-1.542461121734423e-06
5,-14.607077701224918,0.4077219001456021,48.36052265319232,-1.4176579288466652e-05,-1.1131162734165909e-07,0.00015058873013221638,-5.56558136708297e-07
6,-14.476244608934788,-49.54343600562898,-1.5548127315803248,-1.3336275887418678e-05,-0.00016070218655925858,-4.531973398910418e-06,-1.6219694269784594e-06
7,-14.201934176799869,50.84414365038346,-1.5722653698767717,-1.3213534941198187e-05,0.0001622128443588954,-5.1998431629603755e-06,-2.4329541404677e-06
8,-13.866347129586638,0.7259907137594123,-51.84633251741226,-1.3034144327491316e-05,8.427880355868498e-07,-0.00016090890815289308,-1.1608212565630196e-06
9,52.10513453463765,-22.458765039519676,40.28590726697436,5.0370996006639754e-05,-7.64233830005736e-05,0.00012414426780804784,-2.3216425131260405e-06
10,52.49970511755373,-39.59368872624286,22.92568537019925,5.061175709345687e-05,-0.00013137952358525574,7.011042356419662e-05,-2.4806591236141276e-06
11,52.84885860517099,-45.94936925746769,-0.8019107328006156,5.066368595531938e-05,-0.00015098627165843658,-1.7809860374665507e-06,-2.87820064983434e-06
12,52.35310694654495,1.405251683033886,46.77209378515416,5.0734498039677356e-05,6.996730861475734e-07,0.000143894130830668,-2.0672159363451033e-06
13,53.01779310430315,-39.5360884437525,-24.541643046780816,5.1211299407687724e-05,-0.00013106149036427956,-7.365649397808091e-05,-2.9259056329807666e-06
14,53.12585597264572,25.15296166946168,40.371974306333584,5.150871016199122e-05,7.801354910545444e-05,0.0001229357415683384,-2.639675734102203e-06
15,53.01433088884904,42.56476703233093,23.074035233679812,5.076282287342055e-05,0.0001330491979953806,6.961747207168356e-05,-2.941807294029584e-06
16,53.38846547707664,1.5602958117264791,-48.11244496606398,5.2448150481140356e-05,1.7491827153689306e-07,-0.00014796495605916298,-2.719184039346251e-06
17,54.94613769921717,-22.16524431947752,-41.76177549497668,5.3382869994665635e-05,-7.664600625525692e-05,-0.0001267998452031989,-2.8941023108831446e-06
18,53.33216524714364,42.63042060630851,-24.37502767517974,5.14851061338719e-05,0.00013241313155342826,-7.41971504537404e-05,-3.2280371929081244e-06
19,53.53739330162473,25.45380136042708,-41.76704402543856,5.2146018921213e-05,7.704354778147712e-05,-0.00012761082991668809,-2.7509873614438633e-06
20,53.98377230037267,48.91555810928227,-0.6488532086355208,5.159368466322079e-05,0.00015211528959290196,-2.353445835223656e-06,-3.053118921371232e-06
21,19.64732866224154,-84.95122799848482,11.246289306811375,1.9067333914790812e-05,-0.0002747011946181666,3.431578454332871e-05,-2.401150818370067e-06
22,20.57169602177254,-77.9837637706484,35.06697332760419,1.988403328771946e-05,-0.00025428346183149655,0.00010633440743338235,-1.9559043090034276e-06
23,20.18169988504564,-45.93770010295,72.2641628238438,1.9152308416020383e-05,-0.00015329201251051383,0.00022429292909344374,1.5901661048807565e-07
24,19.79387913577717,-84.82561281150335,-13.443106064147107,1.9520531254681854e-05,-0.0002741287348204095,-3.9181692824264115e-05,-2.3693474962724336e-06
25,21.471349422376715,-64.61749842800275,55.987082661658135,2.0639362187537862e-05,-0.0002135752095465468,0.00017176974264922928,-5.565581367082877e-07
26,19.865861985864218,1.1198916070063225,86.14736882535846,1.887850168983621e-05,1.0972146123677854e-06,0.0002706621727117692,-5.88361458805914e-07
27,20.918706118141856,-23.54100942577434,82.70028607547758,1.9666876229021667e-05,-7.954010856614005e-05,0.00025926068173977356,5.724597977571158e-07
28,20.48589152359469,-77.7074653561717,-37.14606148450056,1.9662155423397804e-05,-0.00025350428044010494,-0.00011094588913753682,-2.2580358689308302e-06
29,19.823026191525457,-64.23027888073996,-58.03115794724118,1.9402511114085227e-05,-0.00021255750323942308,-0.00017712860242267772,-8.745913576844849e-07
30,19.82379444838139,48.34370905406471,72.21228733836328,1.921367888913063e-05,0.00015636103309293385,0.00022399079753351636,-2.3057408520772348e-06
31,21.334947225854098,25.705417425993947,82.6760853794934,2.036083465572983e-05,8.181404609611966e-05,0.0002586087136367724,-1.8286910206129738e-06
32,21.09602755442393,-45.27909436263814,-74.07211717326369,2.0431646740087802e-05,-0.00015217889623709722,-0.000229254247340672,-1.5901661048807565e-07
33,19.29987707588993,67.09837507606062,56.01491986737612,1.8467791600559954e-05,0.0002160717703312097,0.00017065662637581267,-2.576069089906982e-06
34,-15.23234647837983,-35.69725892611299,80.72488883718881,-1.5177390080726037e-05,-0.0001178949150158661,0.00025234345918354186,1.3039362060023075e-06
35,-14.76418140958762,-12.152142206741566,87.53203949950995,-1.5149065246982847e-05,-4.0676448962852106e-05,0.0002747329979402642,7.314764082451917e-07
36,-14.756995691868992,12.579212276339469,87.50850659385397,-1.4724192740834996e-05,4.045382570816879e-05,0.0002750987361443868,-1.2721328839047076e-07
37,-14.883650367060802,-56.59689530459721,68.0528365066036,-1.4903583354541865e-05,-0.00018676500901825568,0.0002102517623873458,1.00180464607495e-06
38,-14.722293059638028,36.25038583239558,80.96165710678109,-1.4044396730998432e-05,0.00011818114491474466,0.00025253427911612757,-1.2403295618070636e-06
39,22.044173319626477,-22.79838775821349,-84.26477385215297,2.1729868286650684e-05,-7.845879561482108e-05,-0.00026358593354504947,-4.4524650936663925e-07
40,19.666756770842508,80.57517417040764,35.16887502764599,1.8859618467340753e-05,0.00025755920400755106,0.00010464883136220865,-2.8145940056391184e-06
41,-15.29661937168599,-73.36739922297188,50.016613095783946,-1.4516477293384933e-05,-0.00023995606522652009,0.00015248102779702458,-6.360664419523483e-07
42,20.166185429964973,1.6060137653095978,-87.90604392795741,1.99737285945729e-05,1.0972146123677854e-06,-0.0002756393926200463,-1.7014777322225082e-06
43,-14.687819442452914,57.20990872200039,68.26616137759231,-1.4407898764036039e-05,0.00018649468078042595,0.00021072881221881006,-1.6855760711737033e-06
44,-15.239184443915963,-84.59206560080706,28.281497132546743,-1.381779806105291e-05,-0.00027312693017433453,8.536011651000395e-05,-1.7809860374665576e-06
45,20.37184321006481,26.2582315924887,-84.26791788852489,2.05402252694367e-05,8.217978430024225e-05,-0.0002645718365300756,-2.448855801516506e-06
46,-14.757614947772309,73.89373180530639,50.41631611461084,-1.4148254454723462e-05,0.00023963803200554388,0.0001527036510517079,-2.2580358689308302e-06
47,20.84934803734445,87.5576982076579,11.549816283368813,1.9964286983325166e-05,0.00027711824709758553,3.3234471592009734e-05,-3.037217260322416e-06
48,-14.96198223110971,-89.47770406137734,4.337800764487528,-1.3416529583024384e-05,-0.00028662744040477294,1.3405100264145554e-05,-2.17852756368677e-06
49,20.552417667776268,67.3026202277101,-57.87838294707258,2.043636754571167e-05,0.00021600816368701445,-0.00017778057052567886,-3.3075454981521857e-06
50,-14.733856215888196,85.30974107228111,28.720851889593487,-1.3770590004814262e-05,0.00027306332353013935,8.534421484895514e-05,-2.4488558015164945e-06
51,21.52970221583473,48.77958423223612,-74.05772015298129,2.1375807864860804e-05,0.0001556772616678351,-0.00023016064202045406,-3.2757421760545294e-06
52,-15.173178493413332,-87.72620667438315,-20.079704289103464,-1.372338194857561e-05,-0.0002823021885994971,-5.899516249107949e-05,-2.0513142752962823e-06
53,22.30656730631855,87.71599525474151,-13.237962036743204,2.127195014113578e-05,0.0002771659520807319,-4.029480909768071e-05,-2.925905632980722e-06
54,-14.74833799275123,-79.33226953223314,-43.20104140014944,-1.3888610145410887e-05,-0.0002584178937041867,-0.0001294395209373011,-1.1926245786606366e-06
55,22.300853221626127,80.81694929874566,-36.97035619001593,2.0530783658188968e-05,0.00025765461397384394,-0.00011239294029297839,-2.973610616127195e-06
56,-14.89947317351442,90.3305957132476,4.713865621058405,-1.363840744734604e-05,0.00028731121182987173,1.3293788636803893e-05,-2.60787241200457e-06
57,-14.4346131707619,-65.09798547614727,-63.36518368656292,-1.348734166738236e-05,-0.00021427488263269434,-0.0001935550182860969,1.5901661048793856e-08
58,-14.459018645881214,88.79831283010815,-19.77805976211891,-1.3213534941198187e-05,0.00028306546832983985,-5.904286747422592e-05,-2.87820064983434e-06
59,51.95020518536114,-56.02637804737635,51.76133988851435,5.047013292474092e-05,-0.00018562008942274148,0.0001577921825873266,-2.0195109531986713e-06
60,-14.219032965200691,-45.9687116584811,-78.7648592800201,-1.316632688495954e-05,-0.0001523697161696829,-0.00024477426852430903,1.0177063071237442e-06
61,52.407940540033536,-76.05360471647583,5.38147819952703,5.027185908853859e-05,-0.00024634853296814105,1.703067898327389e-05,-3.1803322097616975e-06
62,-14.428852645333066,80.70772350924257,-42.90379336028845,-1.3322113470547083e-05,0.00026003986313116517,-0.0001298688657856189,-2.591970750955776e-06
63,52.67995591272948,-69.84556455946522,30.274128621809524,5.064008192720007e-05,-0.00022795031113466966,9.114832113177024e-05,-2.528364106760555e-06
64,-13.574048467346271,-23.592278797600684,-88.49048252071985,-1.2835870491288986e-05,-7.904715707362699e-05,-0.00027735677201331767,6.519681030011536e-07
65,51.96941583149445,-11.586309311024497,75.80984548989004,5.0512620175355705e-05,-4.172595859207347e-05,0.00023577392837068346,-1.2085262397094476e-06
66,-14.179972944495066,66.62945589108061,-62.885966409432136,-1.3114398023097024e-05,0.00021540390056715972,-0.00019344370665875523,-2.44885580151654e-06
67,52.329751555185794,-35.81955810081512,67.64779236225462,5.09988631546138e-05,-0.00012091623061513974,0.00020877290790980666,-1.0813129513189653e-06
68,-13.985648268321992,0.7846159109296745,-91.6789288466067,-1.3633686641722174e-05,5.406564756594886e-07,-0.00028824940983175146,-4.770498314642546e-07
69,-14.253110715875902,47.5345151725578,-78.41627515789223,-1.3208814135574323e-05,0.00015367365237568524,-0.0002448696784906019,-2.3534458352236626e-06
70,-14.024829880991806,25.105204986446605,-88.27398951952968,-1.3350438304290275e-05,7.990584677026265e-05,-0.0002773090670301712,-1.8286910206129738e-06
71,51.95624587543205,14.054288334105602,75.98895147194312,5.060231548220914e-05,4.2171205101440104e-05,0.0002357739283706834,-1.8127893595641685e-06
72,53.242654399823344,-73.91898994068363,-20.10569646796494,5.131043632578889e-05,-0.0002398606552602272,-5.86453259480057e-05,-3.2439388539569187e-06
73,53.230774403962506,-63.578518979575726,-43.41486674852583,5.181556252754245e-05,-0.00020967930258958872,-0.00012972575083617966,-2.6714790561998367e-06
74,53.12268830623484,38.19164616484519,67.62341090324962,5.173530883193674e-05,0.0001212183621750671,0.00020780290658582932,-2.6237740730534093e-06
75,53.71204713370203,-46.17679905875743,-62.147688755821065,5.241510484177331e-05,-0.00015524791681951724,-0.00018975452129543167,-1.8604943427105957e-06
76,52.76841787050601,58.59635300337676,51.97265592810701,5.0984700737742204e-05,0.00018668550071301163,0.00015679037794125167,-3.0213155992735986e-06
77,53.80468919598728,-23.57882738826968,-74.11757989267474,5.285413976479275e-05,-8.217978430024225e-05,-0.00022864998422081727,-1.4629528164903833e-06
78,53.654353167345256,1.6537500504917455,-78.36113204569475,5.2679469956709746e-05,-3.498365430737864e-07,-0.0002429773808257937,-2.4170524794188898e-06
79,52.89270477094442,72.70203378163045,30.74640513932229,5.0408762451630677e-05,0.00022911113239123266,9.07189762834524e-05,-3.275742176054552e-06
80,53.418650892369904,26.919939555389576,-74.09496135757605,5.287774379291208e-05,8.383355704931834e-05,-0.00022909523073018383,-3.02131559927361e-06
81,53.60293162911962,78.993867528917,5.861005686903755,5.067312756656711e-05,0.0002471595176816303,1.712608894956674e-05,-3.2916438371033457e-06
82,53.418548780693726,66.76826735331204,-42.950503235802735,5.2282922284305085e-05,0.00021069700889671245,-0.00012988476744666772,-3.530168752835482e-06
83,53.90674988509705,49.6188251977861,-61.84001337862882,5.296271829414165e-05,0.00015655185302551955,-0.0001892615698029186,-3.323447159200979e-06
84,53.72449525295801,77.05102879930249,-19.45502678179223,5.1216020213311594e-05,0.00024121229644937593,-5.862942428695689e-05,-3.6414803801771304e-06
85,86.17847023659668,-57.516194219219855,6.245617117624707,8.208064738214109e-05,-0.00018759189539279374,2.00519945825475e-05,-3.546070413884299e-06
86,85.63849766106878,-33.407193097383555,48.51718787771091,8.294455481130837e-05,-0.00011304490839597954,0.00014612036337750117,-3.5142670917866883e-06
87,86.51779663233154,-50.03428218745407,30.082748865091222,8.31050622025198e-05,-0.0001643595686004845,8.962176167108463e-05,-4.0390219063973654e-06
88,86.93113703978375,-54.83467576168834,-18.46055521734653,8.31050622025198e-05,-0.00017924352334216926,-5.2523186444214436e-05,-4.166235194787832e-06
89,85.79295481750012,-10.675767721485496,58.879221624365314,8.369516290550293e-05,-4.002448085985096e-05,0.0001777964721867277,-3.0054139382248055e-06
90,86.97364239474864,-42.21841193056513,-40.16214686953398,8.435135488722016e-05,-0.00014122265177446817,-0.00011748147182859709,-3.864103634860473e-06
91,85.72965413632605,14.135015960402296,58.82531323602911,8.33316608724653e-05,4.08354655733402e-05,0.000178019095441411,-3.1803322097616975e-06
92,85.45061481433997,37.12336784697692,48.89344963467981,8.274628097510605e-05,0.00011474638612820205,0.00014637478995428211,-2.7986923445903017e-06
93,87.47177859300272,-21.99886746682988,-54.74593519791499,8.578647979687512e-05,-7.712305608672115e-05,-0.00016299202575028698,-3.752792007518801e-06
94,85.89502444289482,53.90378364945747,30.46839751595002,8.214673866087519e-05,0.00016653809616417128,8.933553177220607e-05,-3.450660447591444e-06
95,86.08155190844806,61.66740433494087,6.692990025088193,8.167465809848869e-05,0.00018910255319243052,1.8859370003886864e-05,-3.752792007518801e-06
96,87.86782640479835,2.3214676063177064,-59.86754120195315,8.638602211110598e-05,1.3993461722951468e-06,-0.0001800863113777561,-3.5301687528354843e-06
97,86.46292471175943,59.31561439701469,-18.162002207313808,8.259521519514238e-05,0.00018161287083844172,-5.354089275133818e-05,-3.8323003127628396e-06
98,86.84072110896034,47.00395336440562,-39.90766091199318,8.385567029671432e-05,0.0001436397042538871,-0.00011865819474620893,-4.08672688954377e-06
99,87.75039141673898,26.865826450659377,-54.63251895331212,8.610749457929795e-05,8.023978165228763e-05,-0.00016337366561545842,-3.911808618006889e-06
100,19.55626692079929,-79.62029220242238,83.91511227304296,1.855748690741339e-05,-0.0002664641341948838,0.0002585928119757236,2.2103308857844033e-06
101,19.501550813201582,-96.01337676889588,64.54314581261313,1.8911547329203267e-05,-0.00031776289273834004,0.00019471583954265993,-1.1608212565630033e-06
102,19.667921111954897,-59.24472704601882,99.37971307289392,1.8264796958733754e-05,-0.0001988025664322037,0.0003115612449293047,3.4983654307378716e-06
103,20.55967947937463,-107.7064981542846,42.10534788161312,1.9270328556617006e-05,-0.0003501863796168605,0.00012466902262265854,-3.1167255655664758e-06
104,19.013254420623383,-115.70205777187032,-7.605103694884334,1.859525335240431e-05,-0.0003690457496207474,-2.0751667668695076e-05,-3.021315599273576e-06
105,19.066588981075324,-36.31173793711207,110.17574522360265,1.7311194222713024e-05,-0.00012115475553087185,0.000348818836766663,3.0054139382248055e-06
106,22.09770239109365,-114.31879202159456,17.6573775090983,2.1276670946759642e-05,-0.0003665650904971333,5.155318512023711e-05,-2.9259056329807666e-06
107,19.606822496607784,-11.641567998112842,115.54694275577312,1.793434056506321e-05,-3.983366092726526e-05,0.0003666923037855237,1.288034544953491e-06
108,20.663977069710757,-111.54132686922458,-32.528821978711065,2.0285301765747986e-05,-0.0003595524579746087,-9.302471713552965e-05,-3.323447159200979e-06
109,19.44279908614448,-102.09150441939568,-56.11138502854012,1.9260886945369277e-05,-0.00033549324480776143,-0.00016499563504243688,-2.321642513126052e-06
110,51.27090549848634,-58.2454588934774,89.20013837529648,4.9813940943023685e-05,-0.00019695797375054194,0.00027683201719870694,1.303936206002285e-06
111,20.376415687435387,13.716424070878988,115.72205571811207,1.8883222495460073e-05,4.1710056931024665e-05,0.0003670103370064999,-9.700013239773168e-07
112,19.521028815831738,-87.72747996149599,-76.92722470610906,1.8982359413561242e-05,-0.0002932266297400285,-0.0002334681875186062,6.042631198547152e-07
113,51.73452241997008,-77.51360517624289,73.09398743299919,5.0238813449171536e-05,-0.00025930838672292,0.00022252784471702596,-3.975415262202122e-07
114,51.449479885520645,-35.79673380236323,100.53155280474331,4.964871274618841e-05,-0.00012117065719192068,0.0003157433817851413,1.1131162734165986e-06
115,51.89694513137179,-102.1937813952832,30.017298601800253,4.960622549557362e-05,-0.0003297368435080928,8.796798892200855e-05,-3.625578719128337e-06
116,19.60049786820909,61.47056340472688,99.38205792064436,1.912398358227719e-05,0.00020079027406330475,0.00031046403031693694,-3.0690205824200268e-06
117,52.07265105303653,-92.43061431745708,52.9600010589988,5.060231548220914e-05,-0.0003039284476258766,0.00015768087095998495,-2.8463973277367066e-06
118,19.94076789000955,-69.26020574481699,-94.35723910987797,1.886906007858848e-05,-0.00023342048253545978,-0.0002924951533317833,2.17852756368677e-06
119,51.50745049642437,-11.372681180143884,106.41777340164016,4.95684590505827e-05,-4.177366357521989e-05,0.00033519111324783405,-4.2934484831782843e-07
120,19.193113464205886,81.80347413692357,84.16063291823751,1.847251240618382e-05,0.00026856315345332647,0.0002581952704495034,-2.4965607846629668e-06
121,52.66691479897234,-106.53204909556248,5.179585742688429,4.976673288678503e-05,-0.0003396276766804517,1.6410514202370357e-05,-3.2121355318592857e-06
122,20.187215707878902,-47.21789072901028,-107.29753710555832,1.917119163851584e-05,-0.00015914382377647536,-0.0003377989856598387,2.2262325468331747e-06
123,51.49045176921829,13.708158713778053,106.49511199955704,5.0149118142318096e-05,4.1089892150121126e-05,0.00033554094979090787,-1.876396003759401e-06
124,19.068734311253237,98.18103985302706,64.88930003644072,1.80429190944121e-05,0.00031987781365783153,0.00019365042825238976,-2.639675734102203e-06
125,52.58531773281933,-97.63502678792317,-43.83577242162741,5.1017746377109257e-05,-0.0003183353525360971,-0.00012590935218446562,-3.927710279055694e-06
126,51.40226026765889,38.01585464121781,100.7291826765266,5.0229371837923804e-05,0.00012241098675372773,0.00031607731666716634,-3.1167255655664758e-06
127,19.73488080054258,-23.546886832780483,-115.31873200883044,1.882185202234983e-05,-8.063732317850783e-05,-0.0003653883675795214,7.155747471963863e-07
128,-15.092433944317946,0.1625669353788054,118.39853896119853,-1.5182110886349898e-05,-3.1803322097616974e-08,0.00037637641536424803,1.8445926816617842e-06
129,-15.101385098793422,-48.56858423613067,107.97745814506794,-1.609322637175585e-05,-0.0001605590716098193,0.00034080439959806346,4.500170076812798e-06
130,24.61082524340188,38.47378554646914,110.3555271866213,2.3514332812471662e-05,0.000123635414654486,0.00034837359025729635,-3.037217260322416e-06
131,-15.235127075666515,-24.76234550996726,115.85017119690336,-1.5956323008663763e-05,-8.132109460360661e-05,0.0003679803383304772,3.275742176054552e-06
132,53.591517925244574,-104.9082913161573,-19.748352794878382,5.109327926709111e-05,-0.000336192917893909,-5.4781222313145245e-05,-3.466562108640261e-06
133,-14.9865746560253,25.232320669533788,115.89681125421176,-1.4813888047688429e-05,8.117797965416732e-05,0.00036774181341474505,-1.0654112902701712e-06
134,-15.266473070218767,-70.30366631093993,95.48831673490704,-1.6112109594251308e-05,-0.00023419966392685142,0.00029777450479998767,3.975415262202121e-06
135,19.40335494472105,110.12198342233977,42.53816145904051,1.8038198288788237e-05,0.0003528896619951579,0.0001231265615009241,-3.053118921371209e-06
136,51.53875857930907,60.59207403683121,89.47964108533073,5.0564549037218215e-05,0.00019705338371683477,0.0002760369341462665,-2.4806591236141276e-06
137,-15.063872237541938,49.1860879724555,108.13979784173335,-1.4549522932751989e-05,0.0001611315314075764,0.0003408362029201611,-2.2739375299796017e-06
138,20.361011002270835,1.7184985310676666,-118.05529251185828,1.972352589650805e-05,1.3993461722951468e-06,-0.00037492936420880653,-1.3357395280999128e-06
139,53.30716437005466,-85.03263296074063,-65.44143157049173,5.2254597450561895e-05,-0.00028293825504144943,-0.00019404796977860996,-2.2739375299796245e-06
140,-15.25970852213872,-89.22390872764696,78.64919320860882,-1.509713638512033e-05,-0.0002965341752381807,0.00024046491838008194,1.526559460685582e-06
141,-14.799654250757808,71.00708844255688,95.68899355689712,-1.4676984684596344e-05,0.00023437458219838824,0.00029764729151159726,-2.1149209194915485e-06
142,-15.582074306228472,-103.84634798995276,58.25029984839375,-1.4266274595320088e-05,-0.00034048636637708734,0.00017323269546571965,-1.5583627827832605e-06
143,20.397425608763584,27.11179688265578,-115.2964027344902,2.0629920576290133e-05,8.310208064107317e-05,-0.00036570640080049754,-3.7209886854211803e-06
144,53.80426254123526,-67.70242032367705,-83.6243115228637,5.2485916926131285e-05,-0.00022871359086501248,-0.00025453788840827744,-3.975415262202122e-07
145,53.365957292002086,-46.704765149230646,-97.1838825221077,5.2136577309965265e-05,-0.000159255135403817,-0.0003021633632494589,6.519681030011425e-07
146,52.05846032350836,79.83599183398236,73.49296732517773,5.0597594676585275e-05,0.0002596264199438961,0.00022213030319080573,-2.8463973277367515e-06
147,-15.675345528490668,-113.97911383388428,35.427185318795644,-1.39405390072734e-05,-0.0003672647635832808,0.00010275653369740045,-2.9259056329807666e-06
148,-15.048063204643384,89.77627516568866,78.85406490412754,-1.497439543889984e-05,0.0002967408968318152,0.00023954262203925103,-1.7014777322224972e-06
149,21.331383923412847,50.94740575940956,-107.18420381305629,2.2315248184009946e-05,0.0001629602224281894,-0.00033853046206808385,-4.675088348349691e-06
150,21.722433928561728,118.41328569002552,-7.01799032227295,2.044108835133553e-05,0.0003722260818305091,-2.1196914178061713e-05,-3.689185363323603e-06
151,20.259662301395316,114.49441749104248,-32.01403943419774,1.9865150065223997e-05,0.00036314623337163946,-9.364488191643318e-05,-3.959513601153327e-06
152,20.58149147028373,91.09973299725576,-76.3954123672451,2.0861240051859516e-05,0.0002975995865284508,-0.00023340458087441095,-2.8145940056391184e-06
153,20.40494490355835,105.19612741689464,-55.56251060883056,2.0323068210738905e-05,0.0003393891517647195,-0.00016566350480648682,-3.705087024372352e-06
154,-16.10005699537983,-119.17963492726692,10.896321075414912,-1.3931097396025673e-05,-0.00037896838611520386,3.1437583893494384e-05,-2.703282378297425e-06
155,-15.037860079848606,104.58838373166904,58.46903030210011,-1.4540081321504258e-05,0.00034150407268421104,0.00017283515393949945,-2.353445835223685e-06
156,21.8596532539442,72.71368639967739,-93.95174150993512,2.2258598516523566e-05,0.0002369824546103929,-0.00029282908821380826,-4.023120245348548e-06
157,23.81320862975985,117.04719913174766,18.187260493065555,2.1947025345348475e-05,0.00036909345460389383,5.110793861087048e-05,-3.5778737359819096e-06
158,52.07096941516335,95.11702843872574,53.47941781972719,4.981866174864755e-05,0.00030516877718768365,0.0001569970995348862,-3.196233870810492e-06
159,54.406412085058776,-23.038763561090622,-105.50198462858364,5.337814918904177e-05,-8.141650456989946e-05,-0.00033127930462982725,-7.314764082451917e-07
160,53.59839530132905,1.7836620390607794,-108.4425281501387,5.2651145122966556e-05,2.0672159363451034e-07,-0.0003417107942778456,-2.591970750955783e-06
161,-15.628281330559304,-119.14948593355793,-14.280531761273426,-1.3591199391107389e-05,-0.0003786662545552765,-3.980185760516764e-05,-3.164430548712903e-06
162,-15.092105551401644,114.7871871431797,35.579068170148574,-1.39405390072734e-05,0.00036794853500837955,0.00010219997556069215,-3.2598405150057575e-06
163,52.339430906870966,105.03889159585292,30.581436251066776,4.945043890998607e-05,0.0003314383212403153,8.71411025474705e-05,-3.705087024372352e-06
164,-15.341551581609735,-113.87273534384836,-38.82277471633088,-1.329850944242776e-05,-0.00036740787853272014,-0.0001112798240195618,-3.2598405150057575e-06
165,-14.936562718279514,-103.49929716358425,-61.80816495319258,-1.3978305452264321e-05,-0.0003409475145475028,-0.00018261467548451665,-1.637871088027276e-06
166,-14.846844749977809,120.1633705671362,11.096770505687834,-1.3397646360528925e-05,0.00037950904259086333,3.045168090846825e-05,-2.766889022492691e-06
167,52.54547867624125,109.52548180357655,5.826033757374688,4.904444962633368e-05,0.0003411860394632349,1.529739792895376e-05,-3.848201973811633e-06
168,-14.666895439262095,-88.70498500841485,-82.11097036067346,-1.4280437012191682e-05,-0.0002961048303898629,-0.0002506260797902706,1.3516411891487122e-06
169,54.89562572655688,26.85807616746276,-105.42353008103376,5.495017746178883e-05,8.30066706747803e-05,-0.00033148602622346175,-4.198038516885442e-06
170,-15.103184429412094,120.08695525092304,-14.18681608063721,-1.3421250388648248e-05,0.000379540845912961,-4.0819563912291384e-05,-3.1485288876640635e-06
171,53.2698740214455,108.11762307144396,-19.24303653201189,5.0116072502951043e-05,0.0003381647238639613,-5.622827346858681e-05,-3.975415262202121e-06
172,54.03056353534132,71.28513369656646,-83.15291431246914,5.379358008394189e-05,0.00023052638022457664,-0.00025541247976596193,-3.673283702274764e-06
173,-14.558631507876584,114.95553979436563,-38.69894649657313,-1.3071910772482239e-05,0.0003679803383304772,-0.00011277458015814977,-3.2280371929081244e-06
174,-14.433553464465495,-69.9808097882206,-99.09180997025292,-1.4322924262806467e-05,-0.00023343638419650862,-0.00030853992933003104,3.880005295909267e-06
175,53.51773541164781,88.55657344161004,-65.00327584640381,5.2844698153545024e-05,0.00028514858592723375,-0.0001949066594752456,-3.4347587865426274e-06
176,55.16715373939423,50.45584035578391,-96.78786578402496,5.506347679676158e-05,0.0001607816948645026,-0.00030206795328316605,-4.213940177934258e-06
177,-14.33973224542782,-48.071261037488185,-111.59384065003202,-1.4152975260347328e-05,-0.00015930284038696344,-0.0003516970374164973,3.561972074933093e-06
178,-14.730193064620266,104.77245515242195,-61.66291074073748,-1.36572906698415e-05,0.00034180620424413837,-0.0001841253332841535,-2.560167428858188e-06
179,54.04762844495936,101.06664481546692,-43.199023334697415,5.227348067305736e-05,0.00032067289671027194,-0.00012694296015263815,-4.229841838983052e-06
180,-14.276663526161215,-24.156172667816627,-119.34973973443546,-1.4252112178448493e-05,-8.020797833019e-05,-0.0003786503528942277,2.6396757341022146e-06
181,-12.809922297749203,25.90958395716133,-119.16216644915198,-1.1589577806588622e-05,8.116207799311853e-05,-0.0003784754346226908,-2.703282378297436e-06
182,-14.190316937329513,0.8433342768410534,-121.83185512067554,-1.370449872608015e-05,6.360664419523395e-07,-0.00038718954487743784,7.632797303428074e-07
183,-13.711864184663265,49.60885059364568,-111.38654031838604,-1.2354348317654756e-05,0.00016033644835513597,-0.0003523172021974008,-3.7686936685676196e-06
184,-14.472613740827246,90.1655111364696,-82.06665891127683,-1.382723967230064e-05,0.00029697942174754726,-0.000251087227960686,-1.812789359564191e-06
185,-13.994249071202894,71.43086224931683,-99.2810801422669,-1.3081352383729967e-05,0.00023434277887629068,-0.0003110682934367916,-2.941807294029561e-06
186,85.77828745399054,-83.0330170012053,30.12430445284594,8.253856552765598e-05,-0.0002679111853503254,8.793618559991093e-05,-4.420661771568762e-06
187,86.38069370053661,-77.7515676006702,-41.55719524507968,8.351105148617219e-05,-0.0002539654286105204,-0.00011799032498215898,-4.7227933314961194e-06
188,85.44687629139449,-55.324210643779296,69.8487190726736,8.41153146060269e-05,-0.0001862720575257426,0.00021031536903154104,-2.544265767809349e-06
189,85.16497928968812,-34.24444876165504,82.69192245319243,8.39406447979439e-05,-0.00011770409508328044,0.0002534724771180073,-1.3039362060023075e-06
190,86.18226453217693,-72.00416107419906,51.9128734618846,8.403506091042119e-05,-0.0002371891762040274,0.00015319660254422095,-4.388858449471129e-06
191,87.12511411952093,-86.09457548171709,-18.39542161401704,8.244414941517867e-05,-0.0002755280809927046,-5.02015439310884e-05,-4.4047601105199225e-06
192,87.22571085773319,-87.8573559647317,6.101079876297125,8.216562188337067e-05,-0.00028034628429049366,1.924100986905827e-05,-3.784595329616458e-06
193,85.1620562128826,-10.593796752120438,89.50525871228895,8.380846224047568e-05,-4.0040382520899765e-05,0.0002753849660432654,-1.7491827153689358e-06
194,87.2475444580856,-44.30539711591731,-76.92778259769487,8.686754428474021e-05,-0.00015233791284758534,-0.00023036736361408856,-2.7986923445903017e-06
195,85.52275065252425,13.84111738190102,89.40391383471488,8.413891863414625e-05,4.1360220387950874e-05,0.00027551217933165586,-1.9559043090034445e-06
196,85.18567341678803,37.58843008386295,82.97403682404153,8.365267565488812e-05,0.00011969180271438147,0.000253329362168568,-2.5601674288581656e-06
197,87.2307336792826,-21.795375117063795,-86.59880772478698,8.709886376030961e-05,-7.844289395377226e-05,-0.0002643492132753923,-2.146724241589148e-06
198,-48.60976676686028,-37.22762462438656,108.96801004777176,-4.898779995884731e-05,-0.00012202934688855634,0.00034380981353628834,4.6114817041544475e-06
199,-48.48751788401741,-60.29525354763624,98.20735249026636,-4.8940591902608655e-05,-0.0001997407644340834,0.0003065681233599788,4.150333533739013e-06
200,85.30035131799627,58.6290426457066,70.16949184964429,8.337886892870397e-05,0.0001870512389171342,0.0002095202859791006,-2.941807294029584e-06
201,-48.888456237856346,12.735867571028477,114.40015325441296,-4.789257305411062e-05,4.193268018570799e-05,0.00036262147855702873,1.1926245786606366e-06
202,-49.00059187105715,-12.576649303957318,114.4709702956309,-4.86101355089381e-05,-4.1089892150121126e-05,0.0003626691835401751,2.9577089550783773e-06
203,-48.9436279106503,37.492960548591824,108.94591605872697,-4.811917172405614e-05,0.0001240647595028038,0.0003428239105512622,-3.498365430737848e-07
204,-48.48305174391842,-80.40016472979323,82.89461509908863,-4.82183086421573e-05,-0.00026657544582222545,0.0002537746086779347,2.1308225805403424e-06
205,85.35061393740624,75.34411848739255,52.280796724628125,8.211369302150815e-05,0.0002378570459680773,0.00015240151949178055,-3.3393488202498184e-06
206,87.36137863166276,2.446954265928601,-89.89290820639367,8.713190939967665e-05,7.791813913916159e-07,-0.00027584611421368083,-2.782790683541485e-06
207,-49.21550144404215,60.413602029771326,98.27387413259706,-4.903500801508595e-05,0.00020203060362511182,0.0003060274668843193,-9.381980018797062e-07
208,-48.667148341599,-96.78422751500833,63.441535777478585,-4.682095017749326e-05,-0.00031730174456792454,0.000189229766480821,-1.2403295618070636e-06
209,-49.24985564636371,80.6407149245117,82.82539123840284,-4.8940591902608655e-05,0.00026880167836905867,0.00025302723060864065,-1.2085262397094305e-06
210,89.36217455480065,-63.49283697901123,-61.46780229194346,8.76370356014302e-05,-0.0002120804534079588,-0.00017975237649573114,-4.08672688954377e-06
211,87.16132696952674,26.906183385434996,-86.53895677383427,8.70044476478323e-05,8.1702734468778e-05,-0.0002645241315469292,-3.1803322097616975e-06
212,85.85220558361262,86.92442626026066,30.660043321795317,8.122146075859766e-05,0.0002698352863372312,8.69502826148848e-05,-3.7686936685676196e-06
213,-49.025202250228,97.11154307278456,63.56741494384721,-4.7680136801036696e-05,0.00031917814057168394,0.00018818025685159965,-1.908199325857e-06
214,-48.9384782171536,-108.6101216053263,41.07164509685136,-4.5305571572232585e-05,-0.0003489301483940046,0.0001195327861038934,-3.3870538033961996e-06
215,-48.61017434426984,-115.37421100676472,16.74257789039236,-4.4106486943770876e-05,-0.0003647682027986178,4.85318695209635e-05,-2.6237740730533644e-06
216,86.37640371175047,92.01193370127606,6.60932432297805,8.073521777933957e-05,0.0002821908769721554,1.769854874732385e-05,-3.593775397030749e-06
217,86.41742552267425,90.46603692163409,-17.936156327392624,8.150942990165341e-05,0.0002783267733372949,-5.2014333290652564e-05,-4.1503335337390365e-06
218,86.7578293984688,82.37846114755912,-41.08915490856868,8.334582328933691e-05,0.00025647789105623207,-0.0001195327861038934,-4.213940177934258e-06
219,-49.14071334381282,109.03815448664682,41.24227670530567,-4.614115416765669e-05,0.00035037719954944616,0.00011841966983047679,-2.321642513126052e-06
220,87.35743805893348,68.35392133748698,-61.20808511298059,8.584312946436151e-05,0.0002156901304660383,-0.0001814379525669048,-4.166235194787832e-06
221,-49.01590025087989,-116.73259613642348,-8.376275115432321,-4.4403897698074365e-05,-0.0003672647635832808,-2.251675204511282e-05,-2.60787241200457e-06
222,-50.0072534688315,115.64385080271909,16.774005732644717,-4.6093946111418045e-05,0.0003657859091057416,4.719612999286359e-05,-2.1149209194915485e-06
223,88.7015341365529,49.42192017488419,-76.58542681151009,8.807607052444966e-05,0.00015572496665098152,-0.00023214834965155513,-3.8323003127628396e-06
224,-48.99609003277292,-112.59762445977368,-33.18440315421353,-4.47768413423597e-05,-0.0003589958998379004,-9.38675051711165e-05,-3.880005295909267e-06
225,-49.17949310521171,117.15741323055556,-8.395134927247943,-4.513090176414958e-05,0.0003686005031113807,-2.4281836421530558e-05,-2.1626259026379306e-06
226,-48.69195026245659,113.06646414530736,-33.22456580188511,-4.517338901476437e-05,0.0003601567210944635,-9.506012974977714e-05,-2.6237740730533644e-06
227,-48.8767599207877,-103.2754166049107,-56.67557385801424,-4.6169479001399896e-05,-0.0003365904594201292,-0.0001650910450087297,-2.6237740730534093e-06
228,-48.39673508300033,103.71940448719644,-56.71186713144474,-4.598064677644529e-05,0.00033721062420103277,-0.00016653809616417128,-2.226232546833197e-06
229,-48.85671451519543,-88.99158281519878,-77.61217793913494,-4.806724286219362e-05,-0.00029534155065952,-0.00023329326924706928,9.381980018797062e-07
230,-48.59839483740073,-70.48618883572519,-94.92348824796272,-4.887922142949841e-05,-0.00023518556691187747,-0.00029247925167073455,4.1026285505926104e-06
231,-48.2580914314218,-48.70251874140309,-108.02376728367854,-4.8256075087148223e-05,-0.0001620697294094561,-0.0003383714454575958,4.706891670447325e-06
232,-47.82647786755876,0.4462481644292531,-118.75859943735703,-4.627805753074878e-05,4.7704983146425144e-08,-0.0003766467436020778,1.0972146123677854e-06
233,-48.16890719382337,89.6740965959742,-77.74416897155925,-4.671709245376823e-05,0.00029559597723630095,-0.00023456540213097397,-1.4788544775392003e-06
234,-48.00275590485118,71.26681956015881,-95.06032749115928,-4.70994777093013e-05,0.0002358216333538299,-0.0002938308928598832,-7.950830524404244e-07
235,-47.68307589843997,49.57808089223202,-108.13509019217528,-4.6093946111418045e-05,0.00016213333605365134,-0.00033921423349318264,-1.7491827153689244e-06
236,-47.98552868788744,25.518203016199905,-116.1724279915076,-4.611282933391351e-05,8.165502948563158e-05,-0.0003672329602611832,-7.47378069293997e-07
237,-48.66124575817962,-24.86077404976814,-116.13400628433158,-4.755267504919234e-05,-8.221158762233988e-05,-0.0003672806652443296,3.0849222434688423e-06
238,120.2483996583002,-57.52528909692169,6.585067383999859,0.00011311050274780585,-0.00018396631667366538,2.0338224481426053e-05,-4.53197339891041e-06
239,120.32286048223024,-42.26466000525774,-39.70914127445288,0.00011629232573829088,-0.00013977560061902662,-0.00011100949578173205,-6.169844486937708e-06
240,120.5622040145212,-54.91775847197839,-18.17519333486172,0.0001142387752919096,-0.0001763017160481397,-4.904072267452538e-05,-4.945416586179438e-06
241,120.22437127599446,-33.19207894255473,49.08187557261865,0.00011666054857695235,-0.00011228162866563672,0.0001420177348269086,-5.422466417643689e-06
242,-82.43534236040183,-13.01398799068507,104.95532556769174,-8.304841253503342e-05,-4.1869073541512745e-05,0.00032846471062418807,3.7368903464699966e-06
243,120.7566461375059,-49.89165909894991,30.38415094976853,0.00011531039816852695,-0.0001622128443588954,8.69502826148848e-05,-5.327056451350833e-06
244,-82.04561598129898,-37.46469509780526,99.36297049033354,-8.288318433819813e-05,-0.00012304705319568006,0.0003081423878038109,3.9118086180069e-06
245,-82.14533780051924,11.908205041901136,105.54489473391268,-8.288318433819813e-05,4.142382703214611e-05,0.00033000717174592255,2.210330885784381e-06
246,-81.98803338708002,58.83293857667229,88.600511062258,-8.196734804716833e-05,0.0001976576468366895,0.0002702328278634514,9.540996629285442e-08
247,-81.8366066081204,77.90340943170126,72.60006384044246,-8.008846740887004e-05,0.0002584974020094308,0.00021573783544918477,-1.303936206002285e-06
248,-82.22483980588044,36.33592750344685,99.79941348576304,-8.262826083450944e-05,0.0001229198399072896,0.0003097484555697405,1.208526239709453e-06
249,120.91946333025396,-21.864120388235857,-54.31150575340117,0.00011872826144020522,-7.742518764664852e-05,-0.0001551525068532244,-5.804106282815096e-06
250,120.17889342580796,-10.402324687590404,59.37232904967582,0.00011791628287290045,-3.996087421565572e-05,0.0001729305639057923,-5.67689299442463e-06
251,-81.74226931406501,92.9350267347026,52.64646562530687,-7.783192232066256e-05,0.00030179762504533626,0.00015187676467716987,-2.6555773951509975e-06
252,-82.43552870306277,-59.72525371026205,87.9802775606801,-8.259993600076623e-05,-0.00019711699036102997,0.0002689924983016444,2.544265767809349e-06
253,-78.56911860233424,0.0270940357987793,-109.2296986366888,-7.829456127180133e-05,-4.6114817041544605e-07,-0.00034080439959806346,3.1008239045176548e-06
254,-82.2133091426843,-78.84566868205957,71.87246114214443,-8.013095465948484e-05,-0.0002580521555000641,0.00021508586734618357,-1.272132883904697e-06
255,120.29330562565625,14.389290932634523,59.59993570060189,0.00011790212045602886,4.00880875040462e-05,0.00017355072868669583,-4.786399975691351e-06
256,-82.27745888774633,-93.72712831487344,51.955058098395504,-7.759116123384546e-05,-0.0003004777871782852,0.00015100217331948538,-3.625578719128337e-06
257,-82.28549611807831,102.97906619969469,29.80172934175386,-7.672725380467816e-05,0.0003265406096372823,8.367454043883026e-05,-1.8922976648082063e-06
258,121.36466316321558,2.536650965246583,-59.42243076398408,0.00011967714337060209,1.1131162734165942e-07,-0.00017178564431027807,-5.549679706034162e-06
259,-80.87234257623125,86.54736952207266,-65.2507390184197,-7.794050085001146e-05,0.00028285874673620535,-0.00019113796580667804,-1.7809860374665576e-06
260,-80.94902583693049,69.27052518138858,-83.45557819115896,-8.022064996633827e-05,0.0002298903137826243,-0.0002512462445711741,3.657382041225787e-07
261,121.10796059946694,26.91942052952935,-54.09912801391895,0.00011892653527640756,7.820436903804014e-05,-0.0001557090649899327,-5.629188011278203e-06
262,-82.3744481772206,-103.41976132018084,29.08326852035519,-7.592943765424497e-05,-0.00032495044353240146,8.278404742009698e-05,-3.705087024372398e-06
263,-81.88726121863205,106.00184868374951,-19.71758098279484,-7.538654500750049e-05,0.00033278996242946403,-5.4876632279438084e-05,-2.1308225805403424e-06
264,-80.83074217933687,48.39205573482468,-97.23963864318992,-8.074465939058728e-05,0.00016068628489820973,-0.0002990466376838924,7.47378069293997e-07
265,-82.34069899748548,107.39253042389436,5.26381406388613,-7.583974234739154e-05,0.00033584308135083525,1.426378996078121e-05,-1.2085262397094756e-06
266,120.33439567030184,37.41081090052061,49.62098635828872,0.00011641034587888751,0.00011279048181919862,0.00014241527635312881,-4.850006619886584e-06
267,120.85582255999569,47.12311433593534,-39.15827854054415,0.00011645755393512615,0.0001407137986209063,-0.00011115261073117133,-5.390663095546078e-06
268,-81.65009688342487,98.975657418851,-43.63824128695805,-7.693024844650435e-05,0.0003166656781259722,-0.0001241760711301455,-2.7986923445903245e-06
269,120.34637103790294,61.91925428524254,7.334972601392074,0.00011242598593234543,0.0001845228748103737,2.0226912854084392e-05,-3.65738204122597e-06
270,-82.34777674254245,-107.73608417120997,4.589105017996996,-7.502304297446289e-05,-0.00033479357172161385,1.4295593282878831e-05,-2.512462445711761e-06
271,-80.70091474562551,24.959072039338757,-106.2012802319027,-8.034339091255875e-05,8.246601419912081e-05,-0.00033059553320472846,2.0354126142474885e-06
272,120.61918339584554,54.16978193098895,31.174464031538257,0.00011435679543250623,0.00016280120581770128,8.723651251376335e-05,-3.880005295909267e-06
273,-82.42093685581682,-106.32164602239682,-20.378251917029345,-7.549984434247326e-05,-0.0003321538959875117,-5.474941899104762e-05,-3.1167255655664758e-06
274,-82.06807652451958,-99.11611953557204,-44.27392678999042,-7.65478631909713e-05,-0.0003161409233113615,-0.00012449410435112166,-4.500170076812822e-06
275,-81.1997474079399,-24.847433819739827,-106.41954631854804,-8.04472486362838e-05,-8.284765406429222e-05,-0.0003314383212403153,5.152138179813953e-06
276,-81.42356881718251,-48.436639509332494,-97.794015673373,-8.223171316210476e-05,-0.00016144956462855258,-0.0003002869672456995,4.277546822129479e-06
277,-81.77642833587245,-69.44217069368902,-84.10141731429249,-8.128283123170791e-05,-0.00022987441212157547,-0.0002522003442341026,1.908199325857e-06
278,-82.07447487378529,-86.69056462265473,-65.89653403720285,-7.934258012029936e-05,-0.0002826520251425709,-0.00019150370401080062,-2.369347496272479e-06
279,121.65861129409345,59.47623185819913,-17.51211911838463,0.00011449841960122216,0.00017626991272604207,-4.899301769137895e-05,-4.500170076812822e-06
280,-115.42682244256078,34.7887880291408,80.9519810759991,-0.00011520654044480192,0.00011787901335481731,0.00024110098482203428,-2.385249157321362e-07
281,-115.57393968411058,11.326413243357967,87.54848969258563,-0.00011625455929329995,4.0119890826143815e-05,0.00026406298337651376,1.256231222855869e-06
282,-115.60671520807676,55.995609416724605,68.48537507323982,-0.00011319547724903542,0.00018530205620176528,0.00019907289467003346,-2.4329541404677e-06
283,-115.6307015334448,-13.37516667011333,87.4916753383096,-0.00011632065057203407,-4.1710056931024665e-05,0.00026384036012183046,6.837714250987643e-07
284,-115.5976798122954,72.7098758571317,50.73632113448848,-0.00011015999923289022,0.00023408835229950977,0.00014341708099920372,-3.4188571254938336e-06
285,50.53911902325604,-98.90966930171236,94.28829918539924,4.946460132685767e-05,-0.0003369880009463494,0.00028721580186357885,2.576069089906937e-06
286,50.53939502730289,-80.26786842153996,110.62660264285236,4.814749655779933e-05,-0.00027306332353013935,0.0003453840779801203,5.5019747228877486e-06
287,-114.49029507760784,65.23983165456931,-62.31192979696622,-0.000110377156291588,0.00021169881354278738,-0.0001772558157110682,-3.2280371929081244e-06
288,85.24894319149115,-117.57679931914836,12.522168280712654,7.870055055545374e-05,-0.0003691093562649426,3.554021244408697e-05,-2.989512277175988e-06
289,-115.56088485723122,-36.85569268438987,80.84946006593209,-0.00011518765722230646,-0.00011940557281550293,0.00024116459146622952,-1.3198378670511014e-06
290,50.85490910581752,-114.27916181025552,74.90275104629335,5.063064031595233e-05,-0.0003835798678193583,0.0002203811204754368,-3.466562108640261e-06
291,85.1439207385278,-112.45142299102191,37.098146140799024,8.112232384049649e-05,-0.00036020442607760986,0.0001038060433266218,-5.501974722887704e-06
292,85.55034186768009,-117.488193251844,-12.6760024426321,7.907349419973907e-05,-0.0003687754213829176,-3.1835125419714595e-05,-3.4824637696890552e-06
293,50.97496155432394,-58.89124417016196,123.44702843203494,4.780287774725719e-05,-0.00019934322290786317,0.00039141938671642093,5.6609913333758254e-06
294,-114.99059986622083,79.37543184718055,-42.23178531757712,-0.00010771934272535201,0.00025081689972285634,-0.0001161457323004972,-4.08672688954377e-06
295,85.19727659547978,-102.30897273657564,59.90093886424872,8.360074679302562e-05,-0.0003367812793527149,0.0001721195791923031,-6.5991893352555314e-06
296,-115.78368164803152,84.05375544519949,29.088792425452844,-0.00010751634808352581,0.00026318839201882927,8.033519161858048e-05,-1.8604943427106183e-06
297,-114.26872847706557,-0.4251052379191335,-90.9840917515004,-0.00011512156594357236,-9.859029850261262e-07,-0.0002726657820039191,2.4806591236141237e-06
298,-114.63420931030583,46.26434906234446,-77.88249334122497,-0.00011367699942266966,0.00015260824108541505,-0.00022766408123579113,-9.700013239773168e-07
299,-115.71090732614982,89.08634571193511,5.253945266193926,-0.00010626533459320157,0.00027497152285599634,1.4979364707977594e-05,-6.678697640499364e-07
300,51.258525674677685,-126.12047060267562,53.12877116782612,5.00405396129692e-05,-0.0004112169547221874,0.00015092266501424135,-5.8518112659614876e-06
301,50.76913132033557,-35.778658680891844,132.29700729731806,4.723166026676951e-05,-0.00011948508112074697,0.0004222527074900605,3.3075454981521624e-06
302,-115.70051305558356,-57.839633041270254,68.07285053659639,-0.00011249207721107952,-0.00018614484423735216,0.00019940682955205843,-3.6573820412259476e-06
303,-115.52067589110462,87.52152340365984,-19.180277519576137,-0.00010641167956754138,0.0002711710258653311,-5.126695522135857e-05,-2.0831175973939154e-06
304,85.1394103335223,-87.6902065711994,80.32647991700368,8.495089720145101e-05,-0.0002971543400190842,0.0002384931124100297,-2.782790683541485e-06
305,51.54671207910417,-133.6374333235424,29.61706089295665,4.8539323424580124e-05,-0.00042484467824101637,8.252962084331604e-05,-3.959513601153327e-06
306,51.4546270893544,-136.9245034135626,5.015028648079851,4.721277704427405e-05,-0.00042944025828412196,1.5265594606856147e-05,-1.9718059700522668e-06
307,-114.84775085271714,23.85030516396557,-87.55403593437985,-0.00011523014447292125,7.958781354928647e-05,-0.00026045330631843417,1.6696744101248868e-06
308,51.03001352546122,-11.358304840903276,136.7249367010918,4.7368563629861605e-05,-3.9579234350484326e-05,0.0004370889572485989,2.703282378297411e-07
309,50.485610158096215,13.447554589938548,136.79678982153908,4.7444096519843437e-05,4.0103989165095e-05,0.0004370889572485989,-3.5619720749331043e-06
310,86.44729769567041,-112.22566327658171,-37.22292584460043,8.226475880147181e-05,-0.0003588209815663635,-9.970341477602921e-05,-6.5991893352555314e-06
311,85.22554110226187,-69.03897931191769,97.12558713177268,8.485648108897371e-05,-0.00023718917620402745,0.0002964387652718878,1.113116273416576e-06
312,-114.7390946119978,-24.650484663577565,-87.74292724132903,-0.00011545674314286676,-8.089174975528876e-05,-0.00026032609303004375,1.955904309003439e-06
313,84.79910265691916,-47.32004279624837,109.79948735548676,8.367627968300747e-05,-0.0001637712071416786,0.0003423150573977003,2.5601674288581656e-06
314,50.80588898527469,37.725069501993225,132.37441589254755,4.892642948573705e-05,0.00011938967115445412,0.000421966477591182,-5.215744824009185e-06
315,86.46178685425666,-86.99398052825362,-80.56672904358155,8.666454964291402e-05,-0.00029505532076064153,-0.00023413605728265615,-3.5778737359819096e-06
316,52.421424334843664,-135.70090517498184,-19.733767493079352,4.8798967733892705e-05,-0.00042788189550133874,-5.175990671387162e-05,-3.371152142347407e-06
317,18.002702679753213,-117.48371611276356,86.20458119284649,1.808540634502689e-05,-0.00039736660794867525,0.0002580521555000641,3.975415262202122e-07
318,84.8971522064116,-23.591262316268644,117.5539933499894,8.324196556561187e-05,-8.351552382834218e-05,0.00036899804463760095,1.1767229176118313e-06
319,18.541470405054007,-101.02447448642296,105.0509838847108,1.6527540489151434e-05,-0.0003436189936037026,0.0003244256887177908,6.312959436376969e-06
320,-116.22643942340623,-74.51188887291175,50.26594774751135,-0.00010956045691865938,-0.00023545589514970726,0.0001431308511003252,-5.5496797060341315e-06
321,87.1227628960768,-101.93980026850126,-60.16620740897221,8.579592140812286e-05,-0.0003357953763676888,-0.00016800104898066168,-7.744108930769741e-06
322,-115.09940871481096,-47.34367660682496,-78.20578861518727,-0.00011417740481879936,-0.00015524791681951724,-0.00022795031113466966,-6.519681030011425e-07
323,50.84246642069599,61.02249924098797,123.7463379114545,5.0068864446712396e-05,0.00019912059965317984,0.00039124446844488397,-5.215744824009185e-06
324,18.990746414607894,-81.71661245006607,120.7952658515789,1.5588100170002295e-05,-0.00027473299794026425,0.00038136953693357394,8.348372050624455e-06
325,18.721863988258495,-130.57423605942202,65.13954631182892,1.925616613974541e-05,-0.00043222304896766345,0.00018743287878230565,-5.231646485058024e-06
326,-115.28548364669224,-66.39257901120024,-62.83560666088653,-0.00011111832277453482,-0.0002132412746645218,-0.00017752614394889792,-4.134431872690197e-06
327,84.688035244895,1.319673202809814,120.319235050225,8.295399642255612e-05,-6.360664419523363e-08,0.0003793977309635217,-9.222963408308921e-07
328,18.8653816808168,-59.79380872855448,133.1324276269468,1.5772211589333027e-05,-0.00019640141561383362,0.00042490828488521155,7.330665743500712e-06
329,19.104915999591352,-139.85097636319804,41.82324170554727,1.9435556753452283e-05,-0.00044990569605393856,0.00011684540538664477,-5.295253129253201e-06
330,-116.34909058910058,-85.71822132609124,28.519305026383776,-0.00010725198296858936,-0.0002643333116143435,8.016027334704359e-05,-3.959513601153327e-06
331,53.1480591960954,-120.21264870056864,-66.51156151076695,5.270307398482906e-05,-0.00039863874083257995,-0.0001886891100051615,-5.772302960717473e-06
332,50.79297594115681,82.27082158659823,111.19100246434382,5.019160539293288e-05,0.0002735562750226524,0.0003454476846243156,-3.2280371929081244e-06
333,84.62536778223433,26.30807625699151,117.7357711757173,8.38745535192098e-05,8.33883105399517e-05,0.0003693637828417235,-2.76688902249268e-06
334,53.88040217798256,-130.0043850511159,-43.83439076575883,5.224987664493803e-05,-0.0004188179487035179,-0.00011972360603647912,-6.519681030011517e-06
335,18.870606228001453,-145.1498876966602,17.353749728576343,1.7802158007594988e-05,-0.00045660029535548685,4.8404656232573035e-05,-2.5124624457117153e-06
336,-116.22214616846286,-90.5953353879322,4.594315088206955,-0.00010622756814821066,-0.0002761800490957058,1.4804446436440698e-05,-1.272132883904697e-06
337,52.93314529188008,-89.12792639244988,-104.83908101100228,5.193358266813908e-05,-0.00030547090874761103,-0.0003211340448806874,4.166235194787832e-06
338,18.818300944046552,-36.26880903355084,141.68506305436355,1.496495382765211e-05,-0.00011667048711510787,0.00045431045616445856,5.7086963165222295e-06
339,53.35917653711255,-106.37811476320304,-87.087858558686,5.2703073984829066e-05,-0.00036123803404578236,-0.00025767051563489274,-1.1926245786606366e-06
340,18.75880361768478,-146.12632989532082,-7.481327497174363,1.7452818391428974e-05,-0.0004577134116289035,-1.8811665020740438e-05,-1.940002647954679e-06
341,19.370971866340664,-11.794921986604216,145.85571140503396,1.606490153801266e-05,-3.843431475497011e-05,0.0004675406381570671,3.2916438371033516e-06
342,87.68147117989285,-68.17143952208816,-97.22858128806556,8.773617251953138e-05,-0.00023683933966095358,-0.000293019908146394,3.81639865171418e-07
343,-116.22246117167803,-88.87164161792465,-19.891425245465012,-0.00010654858293063348,-0.0002723318471218941,-5.1473676814993075e-05,-2.544265767809349e-06
344,-116.04734494247371,-80.60036305220137,-42.915332064128,-0.00010828111859459194,-0.00025232755752249307,-0.00011622524060574123,-4.961318247228255e-06
345,52.82286649330262,-46.66193053916183,-129.7699380916385,5.1357644382027544e-05,-0.00015766496929893613,-0.00041209154607987187,1.5742644438320318e-06
346,84.71581466115462,50.46331191632343,110.02085642542784,8.445521261094518e-05,0.00016467760182146068,0.0003417584992609919,-2.321642513126029e-06
347,19.22790531270273,-142.93704219537776,-32.32842969374294,1.8920988940450996e-05,-0.00045437406280865374,-8.6934380953836e-05,-5.152138179813964e-06
348,87.4762359070136,-46.32459088924736,-109.77343614161042,8.779282218701776e-05,-0.00016254677924092034,-0.0003382601338302541,1.081312951318988e-06
349,53.39207151740041,-69.16933301774161,-119.23401196681384,5.188165380627656e-05,-0.000236060158269562,-0.0003728462466114126,4.500170076812822e-06
350,18.95302639843939,13.301870020475956,146.01957884907557,1.6612514990381e-05,3.8672839670702236e-05,0.0004672226049360909,-3.180332209761602e-08
351,51.15837577029996,101.02362665741543,95.08144986531757,5.02435342547954e-05,0.00033709931257369115,0.0002868023586763099,-1.8604943427105732e-06
352,18.99883175772233,37.99663494168803,141.65608399344262,1.8359213071211057e-05,0.00011776770172747566,0.0004533722581625788,-5.08853153561872e-06
353,86.98820336350954,-22.27462979396426,-117.55376361234396,8.673064092164813e-05,-8.160732450248516e-05,-0.0003676782067705498,-1.0495096292213547e-06
354,19.325776028760863,-124.04682947540115,-78.35120758379402,1.9185354055387435e-05,-0.00041689384771661207,-0.0002282047377114506,-2.2739375299796245e-06
355,84.64030487234842,72.31129274610397,97.50714666639408,8.424749716349511e-05,0.00023828639081639516,0.00029664548686552235,-1.9877076311010607e-06
356,18.889493653075142,-135.58799346880048,-56.239737904776106,1.954885608842504e-05,-0.0004430679818029509,-0.0001568062796023005,-6.249352792181747e-06
357,18.958354691101057,61.60193787411413,133.49830028244156,1.8873780884212345e-05,0.00019805518836290973,0.000425289924750383,-6.567386013157898e-06
358,19.5024029753765,-109.1641420869102,-98.40454693209664,1.851027885117474e-05,-0.00037168542535484956,-0.00029786991476628055,4.198038516885419e-06
359,53.50661184479055,-22.81439379475878,-136.39054104897286,5.1664496747578766e-05,-7.86973205305532e-05,-0.000435673709415255,-1.3198378670511014e-06
360,86.91686618376552,2.563655519075799,-120.127767053446,8.704693489844708e-05,9.540996629285092e-07,-0.00037690117017885876,-3.848201973811653e-06
361,53.152942361256684,1.859901849231554,-138.52751376039828,5.187221219502883e-05,2.862298988785524e-07,-0.0004418435539021926,-4.92951492513063e-06
362,51.89245847521301,116.59954995732464,75.71518187332454,5.047957453598865e-05,0.0003842795409055059,0.00022042882545858327,-2.576069089906982e-06
363,84.89035344341661,91.09469574662695,80.83665035008573,8.311450381376752e-05,0.00029834696459774484,0.00023709376623773452,-2.8304956666879127e-06
364,86.54656273820507,27.693381619015867,-117.4632705718951,8.743404095960401e-05,8.439011518602665e-05,-0.0003675668951432082,-3.927710279055694e-06
365,19.555506376027893,-91.09045846657357,-115.79899835836514,1.83403298487156e-05,-0.0003086035359742263,-0.00036072918089222054,7.3306657435007344e-06
366,84.87952543898575,106.00658005956728,60.46173957747608,8.153303392977274e-05,0.00033978669329093976,0.00017044990478217817,-4.261645161080685e-06
367,20.64919041684292,83.58575586384137,121.27054819372546,2.012951518016044e-05,0.0002767525088934629,0.00038122642198413467,-3.911808618006855e-06
368,53.52867075964697,26.687727759188704,-136.21740797158594,5.280221090293023e-05,7.961961687138409e-05,-0.0004347673147354728,-7.203452455110247e-06
369,19.744470525813327,103.03541836875092,105.55200149360428,1.8788806382982778e-05,0.0003468152274745131,0.00032477552526086455,-1.7173793932712913e-06
370,53.16482835784717,50.57543940719671,-129.55651832167615,5.366139752647367e-05,0.0001594618569974515,-0.00041139187299372434,-7.982633846501855e-06
371,86.57229543024138,51.61130784433532,-109.64881327092166,8.790140071636665e-05,0.00016552038985704752,-0.0003405340713602337,-3.1644305487128807e-06
372,20.1424009912792,-70.23182599573657,-129.79000640486177,1.85291620736702e-05,-0.00023404064731636333,-0.00041080351153491843,5.629188011278191e-06
373,51.999588833696095,128.72640320642034,54.01264622973698,4.923328185128829e-05,0.0004124731859450433,0.0001504615168438259,-4.531973398910455e-06
374,120.31100833404116,-77.66152308538145,-41.36867241714308,0.00011548978878223382,-0.0002504988665018801,-0.00011135933232480583,-7.394272387695956e-06
375,19.09276231544268,119.65631132318272,86.84680986652239,1.8038198288788237e-05,0.0004001653002932656,0.0002580362538390153,-1.288034544953491e-06
376,19.426784538012047,-47.31665869870624,-140.03594710549658,1.7504747253291488e-05,-0.00015407119390190545,-0.0004470115937430554,4.30935014422709e-06
377,120.15825917831135,-83.00906891300728,30.426580359881576,0.00011343623833585254,-0.00026352232690085423,8.384945871036714e-05,-5.883614588059122e-06
378,-15.61525215618887,-0.0225602874025934,148.39467352931783,-1.5786374006204622e-05,-1.0336079681725517e-06,0.0004764455683443999,3.864103634860463e-06
379,52.24412264257074,136.43972664771388,30.517605376265163,4.81380549465516e-05,0.0004256556629545054,8.136879958675303e-05,-4.325251805275952e-06
380,-15.494327116035665,-24.766574982816493,146.3792048771664,-1.6659723046619652e-05,-7.804535242755206e-05,0.00046968736239865627,6.869517573085267e-06
381,120.57571044857411,-86.10929583147822,-18.131435739326434,0.00011208608792742715,-0.000270105614575061,-4.624203032993508e-05,-4.325251805275952e-06
382,-15.84554997356705,-48.62264659414844,140.25215095383993,-1.7721904311989283e-05,-0.00015599529488881126,0.0004492378262898885,7.85542055811141e-06
383,120.51738186479388,-87.88324353245396,6.253629512391,0.00011129299258261783,-0.00027458988299082493,1.916150156381423e-05,-3.2439388539569636e-06
384,53.5989040486752,72.91810103444394,-118.73320784359387,5.4784949264953544e-05,0.0002374436027808083,-0.0003736254280028042,-4.897711603033034e-06
385,85.52294732731298,116.46199757598036,37.5687023645787,7.957389959586876e-05,0.0003621921337087109,0.00010186604067866717,-4.245743500031891e-06
386,120.01190409816684,-71.945397132136,52.2104194823978,0.00011675968549505351,-0.00023481982870775494,0.00014740839792245467,-7.744108930769741e-06
387,19.97466919302433,-23.23162528445695,-146.24699273721575,1.811845198439394e-05,-7.583502154176767e-05,-0.0004674770315128719,2.4329541404677e-06
388,53.11188841272117,92.98086884915874,-104.22487701667995,5.376053444457483e-05,0.0003083491093974454,-0.00032149978308481,-2.4965607846629214e-06
389,-15.693221150946124,24.87359039246671,146.51082051989815,-1.444566520902696e-05,7.66142029331593e-05,0.00046986228067019323,-1.3357395280999067e-06
390,19.18466447479041,132.8814113263209,65.69755730525908,1.810428956752235e-05,0.0004346401014470824,0.00018662189406881642,-3.6096770580794974e-06
391,-15.694049823697396,-71.39269383683498,130.39270896808776,-1.8316725820596272e-05,-0.00023521737023397515,0.0004157012231379515,9.445586662992239e-06
392,-149.5048398459711,-0.90000390756066,-0.5313470344291216,-0.0001383290463904928,-2.226232546833185e-07,8.109847134892329e-07,-8.904930187332749e-07
393,19.88685704540918,1.6945841689260914,-148.18084157122772,1.8571649324284986e-05,1.4947561385879978e-06,-0.00047442605739120124,-1.9081993258570184e-07
394,52.73862702309677,139.7982382597464,6.011264050610627,4.775094888539467e-05,0.00043012402970922075,1.4772643114343082e-05,-3.4824637696890552e-06
395,-15.589872327311774,-92.04194847925233,116.82924223712796,-1.8415862738697437e-05,-0.00031016189875700956,0.00036635836890349874,9.238865069357734e-06
396,119.9461084765923,-55.2592574405252,70.19217170870301,0.00011961105209186799,-0.00018638336915308427,0.00020357306474684626,-6.535582691060289e-06
397,-15.936318877304435,48.94077918238708,140.4227726188242,-1.4440944403403093e-05,0.00015558185170154223,0.00044965126947715757,-5.279351468204406e-06
398,19.32297112539623,142.15328488479582,42.37640527569478,1.7863528480705234e-05,0.0004518775020239908,0.00011543015755330082,-4.277546822129479e-06
399,120.76386890221411,-63.46635047803096,-61.39170645180727,0.00011942221986691338,-0.0002104107789978339,-0.00017081564298630076,-7.505584015037604e-06
400,-15.632233403555524,71.65479504205327,130.43518454404412,-1.4440944403403093e-05,0.00023496294365719418,0.00041463581184768126,-5.247548146106819e-06
401,53.11263917804503,110.09786320907703,-86.31121174351834,5.305713440661895e-05,0.00036417984133981196,-0.0002583383853989427,-2.321642513126052e-06
402,119.70479486180228,-34.26920692993496,83.06545595563034,0.00012015866554423632,-0.0001191670478997708,0.00024633263130709225,-3.911808618006878e-06
403,-15.529707282251382,-110.2917511875645,100.02266075025103,-1.6914646550308363e-05,-0.00037523149576873386,0.00030497795725509795,6.0267295374984045e-06
404,86.13935294028933,121.79191680332416,13.00952067726912,7.851643913612299e-05,0.00037144690043911747,3.3441193185644254e-05,-3.069020582420049e-06
405,86.35633705121126,116.72345049172588,-36.79639229643112,8.16463332647455e-05,0.00036179459218249073,-0.00010226358220488738,-5.947221232254388e-06
406,-15.593261497868316,-125.54421213129892,80.43413104479502,-1.445510682027469e-05,-0.0004213304111492297,0.00023726868450927145,-1.940002647954679e-06
407,120.69949129124862,-21.69016007504988,-86.25428819500277,0.0001219714549038005,-7.969912517662812e-05,-0.00025388592030527635,-3.593775397030726e-06
408,53.38084127773321,133.41126083757288,-42.97494911452174,5.086668059714558e-05,0.0004213463128102785,-0.00012018475420689457,-6.185746147986478e-06
409,119.64054073824104,-10.4590663270524,89.85874498809241,0.00012001704137552037,-4.089907221753542e-05,0.00026972397470988955,-2.639675734102209e-06
410,53.717111603003,138.79206816543527,-18.814321333589277,4.951180938309632e-05,0.0004287882901811208,-5.2523186444214436e-05,-4.659186687300898e-06
411,20.224140138466407,26.70316742060501,-146.24053132310178,1.9803779592113755e-05,7.799764744440563e-05,-0.00046868555775258136,-4.754596653593741e-06
412,-15.29177922975637,92.7095498796804,116.96263876817235,-1.553145050251591e-05,0.00031114780174203567,0.0003657859091057416,-2.210330885784358e-06
413,86.69057478351037,121.8527254118768,-12.13653779702625,7.91348646728493e-05,0.0003711765722012877,-3.406135796654778e-05,-3.7209886854211464e-06
414,19.488265520217208,148.63392015816476,-7.104268165726859,1.7731345923237016e-05,0.00046001915248098063,-2.0544946075060566e-05,-3.641480380177176e-06
415,20.616711768565363,147.57898886680542,18.023482012812803,1.868022785363388e-05,0.00045852439634239275,4.7212031653912396e-05,-3.673283702274764e-06
416,87.15402669681565,106.62953229129788,-59.761561718674976,8.510668378703857e-05,0.00033897570857745044,-0.0001707043313589591,-5.3906630955460554e-06
417,53.84290001494118,123.76371690312553,-65.7816827201102,5.285886057041662e-05,0.0004011034982951453,-0.0001895955046849436,-4.770498314642546e-06
418,20.34870113153728,50.95612699456525,-139.78422924971215,2.1729868286650684e-05,0.00015693349289069096,-0.0004482519233048624,-8.634601949503019e-06
419,-15.699413479537586,-137.4103252343523,58.65559363792738,-1.3100235606225427e-05,-0.0004497625811044993,0.00016645858785892725,-6.392467741621074e-06
420,-15.514933573035783,110.83867846359192,100.21595853216508,-1.6362312292316156e-05,0.0003755336273286612,0.00030424648084685283,2.862298988785636e-07
421,20.463735150750253,73.61714803203242,-129.4127591169926,2.2617379743937305e-05,0.00023712556955983216,-0.0004117894145199446,-8.10984713489232e-06
422,88.5563440946192,73.24283356101824,-96.91399304973812,8.95017538228569e-05,0.00023842950576583445,-0.00029475318920071415,-2.385249157321273e-06
423,121.48775856588468,-44.23252343438132,-76.70658748333352,0.0001219714549038005,-0.00015286266766219598,-0.00022047653044172968,-5.581483028131765e-06
424,121.00806007061612,2.6133371469311317,-89.37662835737468,0.00012256155560678362,-7.950830524404244e-08,-0.0002653510179214672,-3.1962338708105053e-06
425,119.63749218910372,13.961096992061997,90.19417631359462,0.00012014450312736473,4.037431740292475e-05,0.00027002610626981693,-2.4647574625653167e-06
426,88.28103256360072,91.99047856819756,-80.05776244364844,8.807607052444966e-05,0.00029801302971571987,-0.00023601245328641558,-4.118530211641404e-06
427,20.39470240989694,94.42559772375274,-115.46847513007394,2.136164544798921e-05,0.00031238813130384267,-0.00036214442872556444,-3.7686936685676196e-06
428,21.743290783124856,145.58876503518405,-31.614918735237094,2.0780986356253816e-05,0.00045696603355960947,-8.760225071788595e-05,-5.613286350229352e-06
429,20.304605233748152,127.22349499025238,-77.92631193460814,2.0365555461353693e-05,0.00042090106630091186,-0.00022915883737437912,-2.814594005639073e-06
430,-16.445903972889337,-145.54724236093583,35.192875730181775,-1.3430691999895979e-05,-0.0004622612866888628,9.676160748199964e-05,-5.024924891423522e-06
431,21.96299482221677,138.31245940576514,-55.556506120423016,2.182428439912798e-05,0.00044573946085915066,-0.00015731513275586237,-5.581483028131765e-06
432,20.47309520469075,112.44546418706445,-98.25136831115285,2.0696011855024246e-05,0.00037594707051593024,-0.00029887171941235546,-1.303936206002285e-06
433,-15.36049272750445,126.33901678496603,80.88436366913909,-1.5559775336259105e-05,0.0004227456589825737,0.00023642589647368458,-1.3516411891486671e-06
434,-16.38131464468097,-149.64319914176735,10.69972635595384,-1.3935818201649534e-05,-0.00046657063683308976,2.975200782232068e-05,-1.6060677659296428e-06
435,121.08858499564722,26.96505540497506,-85.9705406284254,0.00012251434755054496,8.073273314480069e-05,-0.0002539495269494715,-3.514267091786677e-06
436,119.76889253714484,37.96313475128184,83.66919988808013,0.00011989902123492374,0.00011918294956081961,0.0002464916479175803,-3.259840515005735e-06
437,-16.283516266755463,-149.5376833512332,-14.11016485491654,-1.368561550358469e-05,-0.00046692047337616363,-3.636709881862501e-05,-2.17852756368677e-06
438,-15.280577921237404,138.24584533701827,59.10090555395976,-1.4176579288466652e-05,0.0004502237292749147,0.0001654249798907547,-3.2916438371033457e-06
439,-16.0070062521261,-145.36128338418308,-38.58589417044529,-1.2835870491288986e-05,-0.0004630563697413032,-0.00010447391309067177,-6.297057775328219e-06
440,-15.229084928894965,146.32751485074203,35.55530370684853,-1.3595920196731255e-05,0.0004630086647581566,9.590291778536399e-05,-3.7368903464700305e-06
441,120.12434592912024,58.865830146760125,70.92634784899624,0.00011857719566024155,0.00018517484291337484,0.0002044476561045307,-4.531973398910434e-06
442,119.8272576213126,87.12345356475856,31.32931693373757,0.00011173202750563727,0.00026364954018924476,8.45332301354659e-05,-4.070825228494977e-06
443,-15.585368277750826,-137.2760658889415,-62.14823232847205,-1.3100235606225427e-05,-0.0004500488110033777,-0.00017417089346759935,-6.710500962597135e-06
444,120.09333850460452,75.64993251779015,53.10715465350028,0.00011550867200472928,0.0002343109755541931,0.00014763102117713802,-4.850006619886562e-06
445,120.1118009501515,92.2489448762458,7.19660523550767,0.0001102449737341198,0.0002752100477717285,1.8477730138715465e-05,-2.4329541404677e-06
446,-15.35217023841267,150.4701783286727,11.0659572616042,-1.3666732281089229e-05,0.00046734981822448143,2.846397327736719e-05,-2.353445835223685e-06
447,121.0008013874907,68.61946516530237,-60.42151635044387,0.00011920978361383947,0.00021244619161208138,-0.00017148351275035072,-6.360664419523395e-06
448,-15.525269419445785,-125.3793943942048,-83.94189644154746,-1.4540081321504258e-05,-0.0004222527074900605,-0.00024665066452806843,-1.0177063071237214e-06
449,120.34200268207265,90.72462106314514,-17.277142823901517,0.00011141573352883831,0.00027093250094959896,-4.705301504342431e-05,-3.65738204122597e-06
450,-14.958320303448795,-109.86426666616674,-103.56983266221351,-1.6806068020959465e-05,-0.0003745795276657327,-0.00031490059374955447,6.774107606792401e-06
451,-15.333209354626188,150.555281164451,-13.85469477625847,-1.3175768496207267e-05,0.0004677473597507016,-3.790955994035943e-05,-3.164430548712903e-06
452,-14.972551301190029,-91.59307363260076,-120.34423883974698,-1.7325356639584622e-05,-0.00030901697916149533,-0.0003760583821432719,9.238865069357734e-06
453,122.1469818966466,49.61607731846888,-75.96082523415079,0.00012215556632313122,0.00015392807895246615,-0.0002203175138312416,-5.279351468204406e-06
454,-14.799239496604596,-70.71951008895076,-133.9488192451692,-1.6598352573509402e-05,-0.00023275261277140984,-0.00042595779451443295,8.380175372722042e-06
455,-14.80961641661446,146.5837144587572,-38.36342604365558,-1.2439322818884326e-05,0.00046450342089674477,-0.00010565063600828358,-5.199843162960346e-06
456,-149.28065875123195,20.59682264772467,-21.7038832757192,-0.00013834792961298827,6.421090731508867e-05,-5.613286350229396e-05,-2.9259056329807666e-06
457,121.37119984773732,82.65317534983421,-40.304031829828105,0.0001156550169790691,0.0002508964080281003,-0.00011094588913753682,-6.201647809035319e-06
458,-149.48044897514873,29.241157175020124,-0.3480066969731245,-0.00013800331080244613,9.027372977408577e-05,9.063946797820836e-07,-6.837714250987643e-07
459,-14.835686055336629,-47.958731110584,-143.92925570588045,-1.4686426295844075e-05,-0.00015283086434009834,-0.0004605280056345426,5.963122893303183e-06
460,-14.716594377767732,138.55489238144006,-61.87843322951614,-1.2878357741903772e-05,0.0004519570103292349,-0.00017577696123352902,-4.198038516885419e-06
461,-149.38094015634346,-0.7082444128119736,-30.660973271126515,-0.00013918823301403623,-2.703282378297443e-07,-8.044650324592213e-05,-4.0231202453485466e-06
462,-149.33864326357448,-22.10593752741868,-21.66631706057713,-0.00013837153364110757,-6.50059903675291e-05,-5.592614190865945e-05,-2.4806591236141165e-06
463,-13.96621681642364,0.9859457622742204,-151.93075113199183,-1.3746985976694934e-05,5.247548146106802e-07,-0.00048719509121339437,2.782790683541485e-06
464,-14.69097947083549,126.66053082944497,-83.82590705105115,-1.4294599429063278e-05,0.00042344533206872115,-0.000247684272496241,-1.0654112902701939e-06
465,-149.551976081294,-22.335971563489636,20.912945185863133,-0.00013870671084040197,-6.54194335547981e-05,5.7754832929272425e-05,-1.7491827153689358e-06
466,-14.18789762450887,-23.87278637581377,-150.1294199280991,-1.4275716206567815e-05,-7.573961157547482e-05,-0.00048105705004855434,6.471976046865054e-06
467,-149.88375033327893,20.31302375136576,20.901788162835672,-0.000139056050456568,6.425861229823508e-05,5.745270136934507e-05,-1.447051155441578e-06
468,-14.217142547184949,49.631228935737,-143.7023149955645,-1.093810663049525e-05,0.00015329201251051383,-0.0004609573504828604,-7.69640394762329e-06
469,-14.30476673250483,111.44233926999851,-103.4203778369832,-1.4304041040311009e-05,0.0003756608406170517,-0.0003166338748038746,-1.9081993258570883e-07
470,-13.925351288383895,93.2253957033655,-120.17404940505662,-1.2986936271252667e-05,0.00031016189875700956,-0.000377712154892348,-3.514267091786643e-06
471,-13.99808106313894,25.81074272985343,-149.89424918299886,-1.192475500588304e-05,7.631207137323193e-05,-0.0004809139350991151,-2.528364106760555e-06
472,-13.749606259867075,72.45696098031927,-133.7872574340084,-1.1023081131724819e-05,0.00023334097423021575,-0.00042594189285338416,-7.632797303428046e-06
473,-149.62106905400813,-31.042661756404996,-0.5054901455450274,-0.00013807412288680408,-9.076668126659884e-05,1.113116273416594e-06,-4.134431872690175e-07
474,-150.0194014523911,-0.9752894683974644,29.54520294121683,-0.0001398916330519921,-1.4311494943927607e-07,8.190945606241253e-05,-2.846397327736719e-06
475,-49.59181540031316,12.458554483325896,144.55442299088608,-4.7113640126172895e-05,4.0151694148241426e-05,0.0004647419458124768,7.95083052440434e-08
476,-49.77722803558508,37.160750198084415,140.31892431606065,-4.7274147517384296e-05,0.00012008934424060168,0.0004497943844265969,-2.8304956666879127e-06
477,-49.22429100025396,-60.564245536675074,132.14151829237537,-5.1112162489586566e-05,-0.00019916830463632628,0.0004212668045050345,9.747718222919596e-06
478,-49.527969746740936,-12.51256116626942,144.71784559353316,-4.7335517990494546e-05,-3.905447953587364e-05,0.00046472604415142806,4.229841838983057e-06
479,-48.91920494610353,-82.48544595400485,119.83594253328047,-5.173530883193674e-05,-0.000276911525503951,0.0003760901854653695,1.0240669715432708e-05
480,-49.15671408243952,60.652246751558806,132.17659957971827,-4.766125357854123e-05,0.0002008379790464512,0.0004206307380630821,-3.4347587865426274e-06
481,-49.34002767735345,-37.06953318939762,140.5734514479609,-4.864790195392903e-05,-0.00011841966983047679,0.000450939304022111,7.52148567608642e-06
482,-49.143248756045416,82.31009630829384,119.98309839003451,-4.9601504689949746e-05,0.0002788515281519056,0.00037607428380432076,-8.904930187332336e-07
483,-48.86620649917741,-101.96837181107428,104.02553168433168,-5.1357644382027544e-05,-0.00034641768594829286,0.0003186374840960244,6.630992657353118e-06
484,-49.10878965717922,101.8285508917201,104.29302053027772,-5.057871145408982e-05,0.00034721276900073327,0.00031838305751924354,1.0654112902701939e-06
485,-49.11433694544987,-118.49487757408482,85.18147589618422,-4.762348713355031e-05,-0.00039812988767901807,0.00025213673758990736,-1.4788544775392003e-06
486,-49.36036856982184,118.47333529670554,85.55141813981314,-4.949292616060086e-05,0.0003999903820217287,0.0002511031296217348,-1.0813129513189428e-06
487,-49.463713150549,-131.54483290058607,63.8971647200237,-4.544247493532468e-05,-0.0004308555061174659,0.00018142205090585604,-6.980829200426905e-06
488,-49.29562043808619,131.5185631061444,64.2713655299327,-4.724582268364112e-05,0.0004317459991361992,0.0001805792628702692,-3.100823904517637e-06
489,-49.04955992480808,140.85088316554257,41.14135566109002,-4.4989277595433625e-05,0.00044796569340598393,0.00011100949578173205,-3.1644305487128125e-06
490,-49.63182611385016,-140.85727910654597,40.745912406322105,-4.3927096330064003e-05,-0.0004469161837767625,0.00011151834893529392,-6.376566080572189e-06
491,-49.32756523528761,-146.05126186778966,16.331480846409033,-4.369105604887075e-05,-0.0004531814382299931,4.4540552597712574e-05,-1.9559043090034725e-06
492,155.05209144368715,2.5892079362322247,2.366514959445168,0.00014363051110609322,-1.5901661048808487e-08,6.869517573085267e-06,-3.3234471592009733e-06
493,-49.33527019087466,146.16151971110295,16.83419603424708,-4.447943058805621e-05,0.0004541355378929216,4.3840879511565e-05,-1.160821256562958e-06
494,-45.068186103085,-71.2863784390474,-130.34646840055424,-4.710419851492516e-05,-0.00023753901274710116,-0.000412584497572385,9.381980018797016e-06
495,-49.66869385699173,-147.08983731609268,-8.51580456471056,-4.384212182883443e-05,-0.00045443766945284887,-2.1324127466452183e-05,-1.2085262397094305e-06
496,-49.09681682746072,147.35873507059688,-8.08109074669262,-4.421506547311977e-05,0.00045515324420004536,-2.1769373975818816e-05,-9.063946797820729e-07
497,-49.73277824024751,-143.80635151213966,-33.10729118441417,-4.36438479926321e-05,-0.0004520365186344788,-8.737962746320264e-05,-5.581483028131765e-06
498,-48.71064919821751,144.26620916332195,-32.68831850755504,-4.3861005051329884e-05,0.00045324504487418826,-8.798389058305735e-05,-3.7686936685676196e-06
499,-48.87399294949219,-125.0591250576295,-79.07382018201956,-4.701450320807173e-05,-0.0004178479473795406,-0.00022817293438935298,-3.2916438371033457e-06
500,-49.3927737364438,-136.40126891271882,-56.892457751691936,-4.444166414306529e-05,-0.00044181175058009505,-0.00015658365634761717,-7.919027202306654e-06
501,-48.68842600248357,-110.03625764845243,-99.15664915889592,-5.001693558484988e-05,-0.00037435690441104937,-0.00029780630812208537,4.8659082809353554e-06
502,-48.47094682461108,136.99009197679987,-56.6297295240362,-4.465410039613921e-05,0.00044348142499021985,-0.00015734693607795996,-4.277546822129479e-06
503,-48.34628065050846,-92.01033345143335,-116.38870049939058,-5.1522872578862815e-05,-0.00031181567150608566,-0.0003607450825532694,1.0129358088091013e-05
504,-48.14846190839287,125.80978881587168,-78.98240553181103,-4.665100117503412e-05,0.0004194381134844214,-0.00022928605066276957,-1.0018046460749275e-06
505,-47.831770923146166,110.9422489400752,-99.00642273269914,-4.815693816904706e-05,0.0003761855954316624,-0.00029934876924381975,2.3375441741748454e-06
506,-47.73068412147775,93.02422801647114,-116.27163943101536,-4.7609324716678714e-05,0.0003127379678469165,-0.0003625578719128335,1.590166104883902e-08
507,-47.78939758843257,0.357358795225545,-148.94985849909446,-4.37807513557242e-05,-2.862298988785524e-07,-0.0004782106527208176,1.5583627827832317e-06
508,-48.46224333808554,-48.556516412231325,-140.59652438710597,-4.7529071021073014e-05,-0.00015718791946747187,-0.00044985799107079207,7.998535507550672e-06
509,-47.602576640470616,25.284100142637023,-146.87111759829648,-4.27941029803364e-05,7.704354778147712e-05,-0.00047126162684248834,-3.13262722661527e-06
510,-47.93333637370201,49.29357146580924,-140.689581803638,-4.303958487277738e-05,0.00015707660784013022,-0.0004502555325970122,-5.78820462176629e-06
511,-48.18111366265069,72.26121618493862,-130.3303539139288,-4.636303203197835e-05,0.00023739589779766187,-0.00041409515537202174,-3.7686936685676196e-06
512,-48.32131845902357,-24.63481301410426,-146.9816592103104,-4.625917430825333e-05,-7.853830392006511e-05,-0.0004709276919604633,4.5637767210080315e-06
513,154.79191222772732,-18.729875873176123,-19.062565102540823,0.00014452746417462753,-6.421090731508867e-05,-4.886580440298848e-05,-4.4524650936663715e-06
514,154.13817623701723,2.3799436507501253,32.509143701043655,0.0001457265488030893,-2.0672159363451002e-07,8.734782414110503e-05,-6.09033618169365e-06
515,155.13815726863345,-27.590883849980745,2.174024831030267,0.0001431206640987158,-9.006700818045127e-05,6.933124217280501e-06,-3.212135531859319e-06
516,154.8895336453877,-18.97671001544109,23.42937463860334,0.00014493345345827993,-6.483107209599221e-05,6.309779104167208e-05,-5.1362365187651365e-06
517,154.2848615053571,23.698813026556188,23.71591380700756,0.0001441167540853513,6.413139900984461e-05,6.308188938062327e-05,-4.436563432617566e-06
518,155.5255290965716,2.7740803095141358,-27.70005749227318,0.00014629776628357694,-1.2721328839046755e-07,-7.267059099305478e-05,-5.851811265961523e-06
519,154.95826124138188,32.5793693115549,2.508347872547,0.00014279964931629297,8.939913841640131e-05,6.72640262364599e-06,-2.6078724120045925e-06
520,155.96819936488063,23.88254609543632,-18.80056788903704,0.00014522614340695957,6.309779104167208e-05,-4.888170606403729e-05,-4.6114817041544585e-06
521,-82.77275143153365,-13.05847496523799,135.3235404646496,-8.263770244575716e-05,-4.1344318726902065e-05,0.0004327478037822741,5.470171400790121e-06
522,-81.9632758679407,80.66964436485169,110.08912356715786,-8.413419782852237e-05,0.00027757939526800097,0.0003382124288471077,1.7173793932713366e-06
523,-82.67437997553142,-37.45562318009892,130.95884321985102,-8.49272931733317e-05,-0.00012299934821253364,0.00041622597795256213,7.871322219160206e-06
524,-82.55019774465033,-60.45918410649696,122.17848653694644,-8.553155629318642e-05,-0.00020236453850713682,0.0003844862624991404,9.413783340894627e-06
525,-82.6640349614947,59.35394942068584,122.73766046832014,-8.431358844222923e-05,0.0002027461783723082,0.0003848679023643118,1.7809860374665576e-06
526,-82.771424010684,36.09570369526406,131.41523924168854,-8.294927561693224e-05,0.00012245869173687417,0.00041741860253122274,1.4152478333439564e-06
527,-82.75077306708506,11.701336423945088,135.8602498120394,-8.21609010777468e-05,4.043792404711998e-05,0.00043433796988715494,2.6555773951510144e-06
528,-81.94890605966589,99.559237484212,93.9469067028723,-8.305313334065729e-05,0.00033980259495198855,0.00027845398662568546,-1.1131162734164827e-07
529,-82.47779980755223,-81.74140911008963,109.49282307636392,-8.55740435438012e-05,-0.0002768956238429022,0.00033730603416732565,7.108042488817391e-06
530,-82.11139617406403,-100.1902583347875,93.3283462626303,-8.258577358389464e-05,-0.00033864177369542553,0.00027797693679422117,2.862298988785636e-07
531,-82.30457875865417,115.02461751675467,74.660722078115,-8.019232513259509e-05,0.00038346855619201663,0.00021179422350908023,-3.609677058079543e-06
532,-82.1045342956899,-115.6826967027788,73.94970321600249,-7.825207402118654e-05,-0.00038165576683245247,0.0002119373384585195,-6.821812589938828e-06
533,-81.67219033788726,-127.4639729322675,52.25616479769376,-7.444238388272748e-05,-0.000406605473018033,0.00014398954079696086,-8.396077033770885e-06
534,-82.40439405304414,126.80944704251918,52.975311545785296,-7.715684711644987e-05,0.00040814793413976736,0.00014365560591493587,-4.341153466324746e-06
535,-80.78186518933009,107.84443150760156,-86.9250894037715,-8.075882180745888e-05,0.00036279639682856564,-0.00025401313359366676,4.611481704154334e-07
536,-81.06249370278368,121.51045940410962,-66.30444127697152,-7.709075583771578e-05,0.00039774824781384666,-0.00018523844955757008,-3.6414803801771304e-06
537,-82.3698097913805,134.4706398216698,29.528266334724343,-7.494751008448104e-05,0.000419390408501275,7.763190924028303e-05,-1.272132883904697e-06
538,-81.29384645264354,131.26075250099194,-43.68537055269059,-7.411192748905695e-05,0.00041552630486641455,-0.00011695671701398642,-4.277546822129479e-06
539,-81.91709625851482,136.69285145369375,-19.64302331604298,-7.363984692667043e-05,0.0004219187726080356,-5.1139741932968085e-05,-9.38198001879661e-07
540,-80.89602280311252,70.70901358797339,-119.35222624891678,-8.236861652519687e-05,0.0002387316373257618,-0.0003715741137275079,2.4329541404677e-06
541,-81.1633951603587,90.75366989401002,-104.78201809681929,-8.313810784188686e-05,0.0003085876343131775,-0.0003174607611784126,3.2121355318593305e-06
542,-80.63251243777908,48.61290476932013,-130.15864273920604,-8.021120835509054e-05,0.00016043185832142882,-0.0004114077746547732,1.1926245786606366e-06
543,-82.55602007604726,137.79237512250523,5.135833075185271,-7.42252268240297e-05,0.0004227297573215249,1.3102968704218194e-05,1.1131162734166661e-06
544,-82.24451462969348,-135.0394069671669,28.856715144167808,-7.36823341772852e-05,-0.0004183249972110049,7.75683025960878e-05,-4.08672688954377e-06
545,-82.54857519784679,-138.23886175368784,4.383095954519884,-7.376730867851478e-05,-0.00042220500250691415,1.302346039897415e-05,7.950830524406026e-08
546,-80.77628731884892,24.77137397617616,-137.14386558626975,-7.882329150167423e-05,8.044650324592213e-05,-0.00043673912070552506,8.109847134892407e-07
547,-82.43157312119946,-137.0934542606759,-20.31340890323301,-7.355959323106471e-05,-0.0004213463128102785,-5.0933020339333586e-05,-2.2739375299796245e-06
548,-82.00486053335922,-121.688267648477,-67.01409242939467,-7.658562963596221e-05,-0.0003972711979823824,-0.00018557238443959504,-8.380175372722042e-06
549,-81.88291825469024,-107.894425267859,-87.64130121922712,-8.153303392977275e-05,-0.00036281229848961444,-0.00025415624854310603,-1.5583627827832154e-06
550,-82.37223697017981,-131.51036737511413,-44.3466820895772,-7.41166482946808e-05,-0.00041474712347502294,-0.00011714753694657212,-8.523290322161326e-06
551,-81.15252772444592,0.0537280222003989,-139.51363807558218,-7.931897609218004e-05,-6.042631198547224e-07,-0.00044492847614566145,2.671479056199826e-06
552,-81.88641787730602,-90.79990100282558,-105.50929573189768,-8.497450122957034e-05,-0.0003088579625510072,-0.00031838305751924354,7.044435844622125e-06
553,-81.6033561108886,-48.37920855417277,-130.7668496160964,-8.382262465734728e-05,-0.0001620697294094561,-0.00041283892414916595,9.095750119918452e-06
554,-81.68534729222715,-70.86307673534917,-120.12657005878842,-8.495561800707487e-05,-0.0002397334419718367,-0.0003719239502705817,1.0495096292213639e-05
555,-81.42831795580645,-24.56613579518947,-137.50203539078993,-8.048029427565086e-05,-8.066912650060544e-05,-0.0004368027273497203,6.249352792181736e-06
556,-115.69937431399217,47.72480988574413,108.24073432716212,-0.00011987541720680444,0.00016572711145068205,0.00032889405547250597,3.4983654307378716e-06
557,-115.64969843059296,-1.1681491345585888,118.56056913909624,-0.00012034277696356706,-1.57426444383204e-06,0.00036907755294284493,7.298862421403096e-06
558,-115.83299754979367,23.85902861388043,116.00616600314852,-0.00012019643198922725,8.45014268133683e-05,0.0003588209815663635,6.2334511311329295e-06
559,-116.00673715376786,69.61009645836421,95.89510920248654,-0.00011869521580083818,0.00023930409712351894,0.0002832880915845232,-4.293448483178002e-07
560,-115.8765225753874,88.42252179646837,79.1736470337097,-0.00011450314040684603,0.0002958822071351795,0.00022459506065337107,-5.231646485058024e-06
561,-115.79095884167457,-26.13268888587392,115.89208633022191,-0.00012048912193790687,-8.620290454559081e-05,0.0003592344247536325,8.284765406429224e-06
562,-115.66864779328554,103.27583315775404,59.01048682307637,-0.00010930081260934678,0.0003331875039556842,0.0001602092350667455,-6.408369402669824e-06
563,-115.91499137067616,113.61256143342374,36.20926616722441,-0.00010608594397949471,0.000353462121792915,9.458307991831288e-05,-2.576069089906982e-06
564,-116.10807154502588,-49.923415712157926,108.09546163677255,-0.000120555213216641,-0.00016796924565856404,0.000329879958457532,5.835909604912718e-06
565,-114.53471597386928,70.38673820517856,-97.92796522685752,-0.00011657557407572278,0.00023892245725834753,-0.00028917170617258234,2.0831175973939154e-06
566,-114.46843652937868,48.684408734130216,-110.604979960828,-0.0001185441500208745,0.00016614055463795108,-0.0003352388182309805,5.374761434497261e-06
567,-115.4812760701843,119.15553820672734,-13.22194259332216,-0.00010415041367371004,0.00036171508387724665,-3.313906162571689e-05,1.288034544953491e-06
568,-114.88947368328829,89.10372359751423,-81.10252898316082,-0.00011332765980650364,0.0002962320436782533,-0.0002301447403594052,-3.2598405150057135e-06
569,-115.27707938761549,114.070947656797,-37.74692052714275,-0.00010509457479848306,0.00035441622145584355,-9.749308389024483e-05,-4.1980385168854635e-06
570,-115.03816089234545,103.91197226270825,-60.78720561424437,-0.00010834248906770218,0.00033406209531336873,-0.00016405743704055718,-6.615090996304371e-06
571,-116.0058716475249,-71.57663740799494,95.82893216133073,-0.00011810511509785504,-0.00023987655692127603,0.0002847828477231112,-1.1290179344654151e-06
572,-116.00062820758104,119.05553942636682,11.754267559567488,-0.00010507569157598759,0.0003610949190963431,3.045168090846825e-05,2.226232546833152e-06
573,-114.6517189419656,24.535078954739767,-118.451538363305,-0.00011893597688765528,8.404027864295286e-05,-0.00036491131774805713,7.648698964476874e-06
574,-114.47299062747896,-0.3160803904654742,-121.23686336926372,-0.00011869521580083818,-1.4629528164903806e-06,-0.00037461133098783036,8.8095202210399e-06
575,-114.70093407169348,-25.277340917358188,-118.61586838742429,-0.00011976683867745552,-8.596437962985868e-05,-0.00036503853103644765,9.922636494456487e-06
576,-116.2180933553638,-90.40830834790135,78.77814826269993,-0.00011325212691652181,-0.00029752007822320673,0.00022516752045112818,-8.682306932649446e-06
577,-114.76107142004328,-49.37198792242056,-111.0005043645576,-0.00011980460512244645,-0.00016817596725219856,-0.00033577947470664,9.063946797820842e-06
578,-116.19102225903042,-105.01760482094669,58.43236924791633,-0.00010812533200900438,-0.0003339030787028806,0.00016024103838884314,-1.1099359412068353e-05
579,-116.40308808623097,-115.23134291949908,35.557958170489364,-0.00010533533588530017,-0.0003540981882348674,9.486930981719142e-05,-5.692794655473459e-06
580,-115.34470900636389,-71.23593972447283,-98.57264136380924,-0.00011833171376780056,-0.00024040131173588673,-0.00028879006630741093,3.371152142347407e-06
581,-115.50689437340232,-89.98914498004186,-81.69127031317423,-0.00011338430947399004,-0.00029882401442920907,-0.00023044687191933261,-5.692794655473459e-06
582,-115.89072206987144,-115.11373234445806,-38.54039099342872,-0.00010483965129479434,-0.00035475015633786857,-9.746128056814721e-05,-7.108042488817391e-06
583,-116.37872258715284,-120.41790258499,11.12108837997083,-0.00010473579357106931,-0.0003621603303866133,3.0531189213712294e-05,1.22442790075827e-06
584,-116.22690049544975,-120.42085988466604,-14.028677847707106,-0.00010444310362238968,-0.0003628282001506632,-3.3282176575156166e-05,4.929514925130214e-07
585,-115.99453048696353,-104.90521516802816,-61.490761379787976,-0.00010826695617772036,-0.00033549324480776143,-0.00016424825697314286,-1.0940342801580278e-05
586,-148.2737355358161,23.632662604448303,-86.95848603594922,-0.00014884700132046405,7.94287969387984e-05,-0.0002450764000842364,-5.104433196667514e-06
587,-148.4638765323877,46.21218783226704,-77.04997015879988,-0.00014538192999254715,0.00015159053477829132,-0.0002114761902881041,-8.984438492576783e-06
588,-148.66911571072666,65.14452911008541,-61.53261114961634,-0.00014043924650436045,0.00020726225011016982,-0.0001622128443588954,-1.0749522868994524e-05
589,-148.96939100292647,79.21180091524838,-41.38091646384459,-0.0001364926530028093,0.00024334311902991627,-0.00010483965129479436,-7.23525577720788e-06
590,-148.5945964678288,-0.5809840174141232,-90.47626453009556,-0.0001504709584550736,-1.89229766480821e-06,-0.00025643018607308563,-2.9736106161271873e-06
591,-148.5149754384203,-24.85133327513576,-87.18040236673265,-0.00014919162013100619,-8.127338962046017e-05,-0.0002451241050673828,-4.277546822129479e-06
592,-149.63046262471255,87.4165101733741,-18.280376853253347,-0.00013535965965308169,0.0002611052744214353,-4.431792934302925e-05,9.859029850260879e-07
593,-149.730776265123,88.96208877603144,6.184578163189162,-0.0001355343294611647,0.0002645241315469292,1.596526769300372e-05,4.627383365203264e-06
594,-148.7582572772163,-47.32371431623044,-77.54154847787426,-0.00014576903605370404,-0.00015271955271275672,-0.0002116670102206898,-8.650503610551812e-06
595,-149.88180795629472,83.82902769955753,29.928423121692628,-0.0001370166624270583,0.0002550467415618393,7.658239961106167e-05,-3.021315599274026e-07
596,-149.93551585142322,72.4729490762722,51.55380621110315,-0.00014020792702879107,0.00022837965598298748,0.0001353231355253602,-7.346567404549528e-06
597,-149.99370326837052,55.67824635553028,69.29217915639924,-0.00014494761587515153,0.00018199451070361315,0.00018878451997145435,-9.207061747260125e-06
598,-149.9107583018632,10.879156952880969,88.47533866743828,-0.00015164171824979216,3.9976775876704537e-05,0.00025324985386332395,-5.660991333375819e-06
599,-150.06708582830788,34.6685652959644,81.91717487026845,-0.00014936628993908918,0.00011738606186230425,0.00023039916693618615,-7.251157438256674e-06
600,-149.06452656911148,-66.46411368098343,-62.05270051301241,-0.00014085939820488445,-0.00020891602285924587,-0.00016272169751245725,-1.2244279007582513e-05
601,-149.91860496196327,-37.13289862356389,81.69664721891392,-0.00014820025094999448,-0.00011848327647467204,0.0002311465450054802,-9.684111578724353e-06
602,-149.3105697482274,-90.62000001668788,5.263431417532576,-0.0001351566650112555,-0.0002655100345319553,1.607657932034538e-05,4.690990009398485e-06
603,-149.1857379863714,-80.66562039758007,-42.20677864551563,-0.00013654458186467181,-0.0002441700054044543,-0.0001050940778715753,-7.871322219160228e-06
604,-150.24100697564987,-13.434924324873116,88.39731666906317,-0.0001512593329942591,-4.099448218382828e-05,0.00025348837877905604,-6.424271063718632e-06
605,-149.8775713477812,-58.07477423328601,68.80175046905848,-0.00014324812585056012,-0.00018364828345268923,0.00018891173325984482,-1.3786740129316961e-05
606,-149.41202567489597,-88.88761968034127,-19.10316590472774,-0.00013540686770932038,-0.0002621865873727543,-4.477907751344469e-05,1.5265594606856273e-06
607,-149.59604175256118,-85.82414241337176,29.106773372540825,-0.00013572316168611927,-0.00025546018474910837,7.581911988071886e-05,-2.687380717248631e-06
608,-149.91322649119942,-74.6821072240308,50.899353432760016,-0.00013856508667168602,-0.00022896801744179342,0.00013470297074445666,-1.159231090458142e-05
