,x_gnl,y_gnl,z_gnl,r_gnl,x_gt,y_gt,z_gt,r_gt,match_distance
0,1.2,-1.94,-4.72,5.242327727260095,0.9234711685688892,-2.288975238192575,-4.649722018289544,5.264230379419515,0.45076701986449214
1,2.3,17.43,-4.67,18.19076139143164,2.310649814552264,17.36992188857872,-4.7654767726244485,18.159379335518043,0.11330759962476482
2,-18.37,-2.71,-4.95,19.21727087804093,-18.355109232423814,-2.559515315451007,-4.8385229426966045,19.153914948418237,0.1878683303482589
3,21.4,-2.26,-4.71,22.028429358444964,21.30236422045517,-2.1148773297845924,-4.457607734414338,21.866268410839467,0.3070752197511865
4,0.98,-23.6,-4.76,24.095186241239144,1.1315560620075067,-23.07711550010477,-4.894722279897555,23.617620225669803,0.5608275428888132
5,1.53,37.34,-4.55,37.64729737975888,1.2866361499596184,37.25945382711183,-4.788176569957248,37.587883246362104,0.34991674431214226
6,-38.85,-2.68,-5.16,39.28269975447207,-38.52395078854852,-2.682159037421067,-5.078915957150969,38.949764424965785,0.3359871600752967
7,41.28,-1.72,-5.21,41.64301742189199,40.95420562739212,-1.7707682766583843,-5.056121122865402,41.303110532615115,0.363865497081036
8,1.27,-43.35,-5.2,43.679233051874895,0.9661455785013326,-42.61441359531355,-5.261767932232057,42.948898532138955,0.7982669639137355
9,1.44,57.68,-4.71,57.88989635506355,1.511035168161014,57.440782384342555,-4.66080802700597,57.64936981155493,0.2543440837989789
10,-58.73,-2.54,-5.27,59.02065231764217,-57.92413095862624,-2.6148537779243837,-5.152938727751236,58.21164131961894,0.8177599533938458
11,-101.83,98.98,-5.01,142.09676069495745,-105.76168425723858,102.093248838442,-5.291289307472258,147.09372202052415,5.0229058425553195
12,-114.65,84.3,-5.27,142.40395149011843,-118.54313395806723,87.36378237404948,-5.578275752315279,147.36357161683284,4.963697048617894
13,-86.37,113.16,-5.19,142.44963531016847,-90.23460599065477,116.13355052264772,-5.763167596728309,147.1818595344992,4.909755927506232
14,-70.97,124.13,-4.82,143.0672226612371,-74.18239578830172,127.19944706456658,-5.22923750484361,147.3433816067277,4.461890554265725
15,-126.06,67.45,-5.7,143.08429718176626,-129.57584215239808,69.86902415649838,-5.820937673868963,147.32773914469604,4.269361759240214
16,90.34,111.35,-3.83,143.4392101205246,93.76496750217498,115.32871944857867,-4.458789814428515,148.70260074034397,5.287342193596131
17,-134.84,49.49,-4.72,143.71278335624845,-138.00964943388706,51.31663301856869,-5.03864757168637,147.32768962614773,3.6721658450031263
18,74.19,123.09,-4.11,143.77828869478174,77.6876811456281,126.75649684496167,-4.4101360549667525,148.73477936990687,5.076125900929491
19,-53.33,133.73,-4.49,144.04152838678155,-55.93317455904816,136.33500132825128,-4.865956868098081,147.44297250011417,3.701876993058617
20,-140.41,31.67,-5.75,144.05214160157425,-143.4252468906369,32.65170854113261,-6.015120017816684,147.2179241299237,3.18209900774244
21,56.98,132.44,-4.04,144.2338226630633,60.00759499341559,136.08029514600727,-4.461506199633824,148.79066913448443,4.753498466448582
22,-103.34,97.33,25.64,144.2556553484126,-104.58656019449248,98.27157129931484,30.14864952182154,146.64443858170057,4.7716233443984395
23,-141.88,-25.67,-6.13,144.31375610107304,-144.87009965362097,-27.57699430681996,-6.2556480750725765,147.60409723814448,3.548677311844152
24,-144.1,-6.46,-5.11,144.33521295927753,-147.05951283479564,-7.2047463750934035,-5.415776578734149,147.3354652535757,3.0670609218985674
25,105.27,98.75,-3.77,144.38680098956414,108.90586806478932,102.49448643237118,-4.303570489876117,149.6132633389906,5.2464666866790735
26,-116.11,82.01,25.48,144.41745947079946,-117.06589630200811,82.79191361434208,29.93123684574121,146.4745847443612,4.619376158895315
27,-88.59,111.11,25.81,144.42913937291186,-89.86892030338208,111.88633785903852,29.856574942602343,146.58236764122003,4.314290947522732
28,-130.46,-61.82,-6.23,144.50030069172868,-133.85959249635212,-64.89526666966755,-6.272381038256469,148.8930115999599,4.584352776916871
29,-120.78,-79.09,-6.24,144.5059656208006,-124.29031812191535,-82.66951560751805,-6.689109537484325,149.4224754715068,5.033583681451215
30,-35.84,139.99,-4.74,144.58275588741557,-37.423983892963896,142.80593582559186,-4.813348716008454,147.70666269097606,3.231699178630461
31,118.6,82.7,-4.17,144.64660002917455,122.13966701291628,86.27061364872871,-4.599910329822743,149.60573589403813,5.046122004322104
32,38.39,139.53,-4.1,144.7730050803671,41.125910599298905,142.75943469766904,-4.489600512177924,148.63294799800786,4.25044042811496
33,-108.81,-95.31,-6.08,144.77768681671913,-112.62877509149523,-99.10892558449277,-6.325634973582169,150.15936123646154,5.3921438534394435
34,105.9,95.21,26.38,144.82975695622775,108.42972729373231,96.73601600955367,30.568690812707533,148.49009196709622,5.125756116567467
35,-144.21,12.5,-5.16,144.8426722343937,-147.2934941442071,12.566092803332932,-5.356861999483126,147.92557613892552,3.0904787724319256
36,19.4,143.6,-4.09,144.96222990834545,21.12488632448823,146.3773623622891,-4.70061561118973,147.9685399721427,3.3259323427416856
37,-72.64,122.8,25.82,144.99338605605428,-73.85547117561826,123.0880458191564,30.012413990182292,146.64938676881474,4.374548621031493
38,0.99,144.94,-4.23,145.00509163474226,1.719790223861613,147.96478647478938,-4.770829658917856,148.051668449155,3.1582311044123976
39,-138.17,-43.72,-5.22,145.01598429138767,-141.2734405827025,-46.21981531322878,-5.472022877301258,148.7427288173545,3.992985797783565
40,-127.05,65.12,25.63,145.04900482250818,-127.73054107145148,65.81749740265263,29.748353784965712,146.73785687296044,4.232077111157229
41,-17.18,143.97,-4.47,145.06031228423575,-17.725319855752602,146.53259299522404,-4.898563087495227,147.68203578707494,2.654792444657921
42,90.83,109.93,26.78,145.09259870854888,93.41289002205286,110.87469999129513,30.80451621495748,148.21634639832888,4.874475326025247
43,129.29,65.77,-4.43,145.12484935392698,132.76533872322648,69.1445244118556,-4.671800213480382,149.76456903977467,4.850140368134314
44,-135.0,46.84,25.38,145.1314231998019,-135.200854600872,47.19981077989953,29.793747497289676,146.26947942888395,4.432941837860524
45,-94.69,-109.86,-5.79,145.15143747135264,-98.62363173569614,-113.58069960104952,-5.941035965224788,150.5406654925577,5.416629580847968
46,-54.55,131.94,26.22,145.15975509761648,-55.934259701410035,131.87555989040416,30.178774274897982,146.39181371062932,4.194308191855551
47,118.33,79.95,26.56,145.2564112182316,120.4587281225135,81.67467730434258,30.50532309149326,148.69980776913772,4.803287365957216
48,74.3,121.96,26.76,145.29566132545045,77.01480635452276,122.89544637138546,30.601025433278558,148.22615792839966,4.795697012467337
49,56.56,131.47,26.26,145.50938835690292,59.34635365368452,132.1543022673961,30.22864571424118,147.98824386243524,4.897160920546654
50,-140.71,28.15,25.12,145.68026976910772,-141.01940516037607,28.300457323072244,29.65194375825358,146.85580099241557,4.544984399016896
51,38.72,138.02,26.56,145.78817647532327,41.215350293339675,138.30216445808844,30.43554576600506,147.48734264223972,4.618034739180564
52,-143.34,-10.31,25.18,145.899568539458,-143.66074707909524,-11.866025297543873,29.82072395898948,147.2022023786464,4.905141412730484
53,-79.92,-122.04,-5.65,145.98935063901067,-83.35356791283853,-125.89144500682121,-5.97706928489869,151.10327119868106,5.170105566597889
54,-116.61,-84.24,24.88,145.99069867631977,-117.07712511666882,-86.9234285838455,29.520631846001077,148.7756813694434,5.3809347486604375
55,-143.58,9.05,24.86,145.99704962772367,-143.69449181382365,8.412135184377323,29.45841364678765,146.92402502851095,4.643854860501659
56,137.57,48.77,-4.16,146.01822968383092,140.98309879925154,51.319972908218055,-4.715194073190076,150.10731768134292,4.296492255899427
57,128.99,63.49,26.25,146.1453478561668,130.8915616477663,65.11445396653934,30.66148850519494,149.37409381584808,5.071096352972221
58,-135.55,-49.0,24.65,146.22730593155302,-135.74053914609533,-51.50677997244455,29.293964903646284,148.11002238396466,5.280782235875882
59,-36.6,139.22,25.86,146.25494179685006,-36.8172948093567,139.04868413806437,30.225054331396596,146.9816439795873,4.373815894018437
60,-104.27,-99.51,25.51,146.3736079353105,-105.0891206499691,-102.18067208016745,29.824061904381907,149.57970348351034,5.139511466455832
61,1.02,144.05,26.23,146.42218342860485,1.976726437921489,143.98471061308885,30.372560614603184,147.166561337938,4.25210496421745
62,74.1,121.51,-34.65,146.47905174460956,76.86701077687873,123.10972431461722,-39.93560931371141,150.53037719294815,6.1768221877704566
63,-18.4,142.95,26.17,146.4859426702781,-18.45885186290252,142.79039321242806,30.17420372067274,147.1064518504646,4.007815527822547
64,136.78,45.23,26.76,146.528560014763,138.43106582852567,46.70715822616262,30.64598900126802,149.2779128265506,4.473133724048622
65,141.59,26.52,27.13,146.58470384047578,143.21310339847514,27.1971882349781,30.851141682633028,149.0015871594429,4.1158163187833425
66,-89.66,-113.4,25.15,146.73444755748392,-90.66610272749124,-115.57621317882251,29.907324633894678,149.90880995894065,5.327314911867631
67,-128.22,-66.83,25.2,146.77076445941134,-128.09487525895904,-69.34069304641355,29.727978953024653,148.6612979641867,5.178979549405864
68,90.4,110.36,-34.61,146.79694036321058,92.98141151477907,112.28886245174071,-39.77455838108145,151.11699776132627,6.087434520220136
69,144.29,6.72,26.95,146.93898393550978,146.1684037787406,7.2376487494262385,30.64118171716611,149.52079400427695,4.173869122638004
70,19.77,143.24,26.26,146.9630501180484,21.53992114892572,143.1902091632821,30.295878507229673,147.93662311223423,4.407200395483965
71,118.12,80.61,-34.65,147.14254653226578,120.19603021530037,83.09515376190994,-39.80287654726183,151.44688586983037,6.085887559468729
72,-62.84,-133.04,-5.38,147.23264447805045,-66.08831853722576,-136.67515577410558,-6.030418000523628,151.93462407961815,4.918228786535129
73,106.09,96.19,-34.34,147.26452322266894,108.20551503764699,98.45470180407634,-39.614648720289374,151.56213968245487,6.117695420527851
74,127.62,-68.36,27.09,147.28822797494715,130.22792287931637,-70.13328091740173,30.54838524174644,151.03374732349891,4.680407614387071
75,144.17,30.02,-4.37,147.3271400659091,146.89401095365832,32.20422172478789,-4.538915327805913,150.4512017343357,3.495653387659276
76,-92.26,98.47,59.17,147.34088841865994,-88.96622569110004,94.14152684829867,64.68697581066706,144.78266895791953,7.747364140044937
77,144.31,-13.26,26.65,147.34797657246605,146.1847919622256,-13.42566659895998,30.687336246616383,149.97317937077452,4.454478004421972
78,-31.65,-42.08,137.65,147.37697038547103,-35.990804917272925,-43.406782527076864,136.5225434760788,147.70880706689078,4.6769752423238025
79,-44.62,-25.76,138.08,147.37913149425194,-48.26353299895086,-27.186052322034545,136.58301701096536,147.38850224564627,4.18926198859454
80,-86.88,-70.14,96.23,147.40409390515583,-84.07937756778823,-67.81093810250685,99.66423001647621,146.97150677361168,5.006191280427497
81,-50.23,12.94,138.0,147.42624087997362,-51.16669756152115,11.171048906044064,136.47156791241974,146.17562081786278,2.5184707544286695
82,-142.21,-29.97,24.97,147.46316794372757,-141.83483781327658,-31.806857612225933,29.456084478503275,148.31203026554388,4.862072243622824
83,-107.15,82.21,59.3,147.49947999908338,-102.9096848001328,79.02676895215248,65.12895071449918,145.18062425079745,7.879714419334362
84,57.09,131.46,-35.08,147.55204539415917,59.56651270444241,132.6255067390821,-40.03231141230409,150.79880778898257,5.658348651200965
85,117.28,-85.6,26.52,147.59833603398107,120.1458473378054,-87.67324673152999,30.199168955644137,151.7682859841888,5.10369642294501
86,-104.49,98.03,-35.54,147.61819874256696,-104.37521884721076,99.31348843968198,-40.79348988422921,149.73798486822471,5.409221131690915
87,-106.43,-32.09,97.13,147.61893476109358,-101.80849568919052,-32.23962310065034,100.61424037224215,146.72282868678354,5.789699486039066
88,-44.88,-140.54,-5.42,147.63157656815835,-47.87558033542836,-144.09122071340184,-5.706770029837104,151.94379981857037,4.654772513379378
89,104.65,-100.78,26.39,147.66402066854337,107.52202788856124,-102.5725233940651,30.570298914176824,151.71239966593598,5.379273493959207
90,-75.95,111.66,59.78,147.68211299950985,-73.16010131548593,106.89455233493555,65.36629396868135,145.0916887026218,7.854916067205752
91,140.43,-45.54,-4.44,147.69627652720294,143.7638133879656,-47.24279971597884,-5.398186757613447,151.42343472898756,3.8641894934102297
92,128.77,63.3,-35.01,147.6966587299794,130.42222307008035,65.99996625928155,-40.01605240617873,151.54945155605859,5.922855693664365
93,-13.79,-53.52,136.97,147.700153689832,-18.80419438118267,-54.38821729836056,136.30572870538117,147.95582984500462,5.1319784608190755
94,141.87,-31.55,26.72,147.77164071634314,143.75656335230255,-32.37346020235658,30.51963597519727,150.48401447461686,4.321393470991676
95,97.56,-110.88,-5.01,147.77492378614176,101.32936295210904,-114.17941007896414,-5.503587520039675,152.75754304731154,5.033669891226602
96,145.32,-26.75,-3.86,147.81192272614547,148.64709188524523,-27.657192922169838,-4.569635228552646,151.26718022226993,3.5208126289967105
97,133.19,-63.96,-4.75,147.82767061683683,136.93343647541838,-66.19245734197851,-5.09515690770722,152.17808008333935,4.3722209139274435
98,147.35,11.49,-4.1,147.85415990089695,150.7586608893433,12.548830619164919,-4.820129409258989,151.35679908936535,3.6412467239531554
99,124.05,-80.34,-4.98,147.87737656585608,127.50037415392933,-83.29881581533407,-5.534741962003034,152.3997096264126,4.579018614897902
100,-51.16,-6.81,138.58,147.87879530209867,-53.26439248678361,-8.249226534707496,136.5279399433371,146.78223199889865,3.272734519142811
101,136.4,-50.62,26.73,147.925107064352,138.7406127763817,-52.211839459021476,30.476644247533404,151.3402116354118,4.695717639491774
102,-73.19,-126.14,25.34,148.02091507621483,-74.28476121522615,-128.14178040842904,29.772156380304345,151.07919423460834,4.9849410328915935
103,-42.09,31.06,138.49,148.03976425271694,-42.292555760554194,29.311305024569325,135.91477778082833,145.32941785548746,3.119412193241809
104,89.9,-114.58,26.61,148.04958122196766,92.91572380525203,-116.20238677534091,30.572586633997116,151.8914397720723,5.237253263906322
105,40.22,129.43,59.64,148.07667912267618,39.8658000628058,124.23919160989598,65.34379849865078,145.92625106114502,7.720315191201305
106,58.37,122.12,60.09,148.0917263050168,58.018088600875046,117.17539668100069,65.51268317289005,146.24665414552337,7.3470018652943025
107,-39.72,129.68,59.48,148.09608772685388,-38.41348345651948,123.92457107313781,65.14559249738119,145.17865975672984,8.181129870435527
108,111.36,-97.59,-4.97,148.1538342399548,115.39662991952123,-100.8817150054558,-5.483443053155906,153.3739572644005,5.233869749349034
109,136.97,44.59,-34.66,148.15655436058168,138.66248605816975,46.97045973426983,-39.748195538316914,151.70177380648212,5.866926916174014
110,147.93,-8.02,-3.76,148.19494896925468,151.16254203156504,-7.555651017055505,-4.613494073864608,151.42155164739853,3.3754111005799246
111,38.11,139.0,-34.55,148.21293668232877,40.47337237193899,139.65282734965078,-39.985864888124205,150.79746499447637,5.9632490807309235
112,-72.94,124.14,-35.22,148.22763440060697,-73.4989031205839,124.8923528638633,-40.40706793996649,150.44241324608493,5.271060741804246
113,-111.42,-12.58,97.0,148.2621758912232,-105.63696017374895,-13.573660909015667,100.22001308888943,146.24453032083056,6.693235086767156
114,-117.76,82.68,-35.86,148.28802918644513,-117.12512207855696,84.19510918196245,-41.14644343792029,150.00046813150092,5.535802564283995
115,76.89,111.39,60.62,148.30572679434871,75.4889147022958,107.1150581188014,65.93163823950329,146.69421542674894,6.960723301958086
116,-58.87,122.47,59.49,148.33623259338898,-56.71242409821827,117.12137712853645,65.278722297665,145.58512153512356,8.171426205539404
117,-111.16,8.9,97.83,148.34575996637045,-105.3057321464683,6.991231411212643,100.7839207509747,145.93002851191252,6.829458062648517
118,82.39,-123.31,-4.82,148.38025677292785,85.60809467640162,-126.55599057333222,-5.296514900741622,152.8830196399027,4.595612537962147
119,142.07,25.74,-34.37,148.4174160939342,143.6650020256524,27.665248959962724,-39.79890012052858,151.62107788118126,5.976919903959571
120,-133.18,28.77,58.91,148.44195296478688,-127.33080136476748,26.67151820507442,65.01111630904592,145.43365533227094,8.708637708306979
121,-26.67,-145.95,-5.3,148.4613801633273,-28.850107865997288,-149.1936847484604,-5.42329501179428,152.05425486150534,3.910187043443236
122,5.47,-56.67,137.13,148.47911199896097,0.6798747376296891,-58.148709352143186,135.93216467234203,147.8488688542716,5.15428858810791
123,28.05,43.75,139.09,148.4819622041681,29.02408130888982,42.64258110729161,136.24652333308336,145.68425494771017,3.203212536744223
124,93.83,97.75,60.77,148.49957676707365,91.26078191407552,94.13459903375177,65.97731750548357,146.7748598229038,6.840187228629466
125,10.23,50.96,139.16,148.54992460449114,10.870565504307077,49.540126025101316,136.47507975841856,145.59478244783728,3.1040558908557845
126,74.05,-126.26,25.76,148.62223151332373,76.81353761381578,-127.6932503034573,30.34181567715101,152.07403299839422,5.539348470237439
127,-90.76,112.19,-35.57,148.6243539935498,-90.88980859152306,113.1893967986195,-40.776833048964335,150.78311234001686,5.303466284545546
128,-127.74,47.26,59.5,148.63130625813662,-121.92047771344083,44.938533683333205,65.21122504186263,145.38424456227074,8.477861580727543
129,144.45,5.95,-34.51,148.63426623763445,145.73048139441897,7.3291263134680715,-39.778634782456976,151.2396412489925,5.594652309202844
130,116.7,-85.42,-34.32,148.63824810593,119.83327016341549,-86.06029078169622,-40.276254197494474,152.93319763762682,6.76049689499562
131,-75.53,82.2,98.16,148.65061890217612,-71.4676932213306,76.14284996490102,100.6963244836363,145.06934390032038,7.721680179728757
132,136.09,-49.65,-33.77,148.74818822426042,138.20492384275633,-50.04421034985233,-39.70102258039322,152.25371968477893,6.309146813137582
133,-37.91,-141.54,25.64,148.7553336858884,-38.13828376642746,-142.73857161078783,30.02186548752517,150.76518471280963,4.5485637881605046
134,-119.02,65.89,60.18,148.75780618172612,-113.63950591316237,63.00482534638081,65.42077596333381,145.47653848219076,8.046097320952482
135,66.63,-132.96,-5.2,148.81182244700858,69.38931650289551,-136.38134155133946,-5.251651579701614,153.10887437505608,4.3956880530537035
136,-55.84,133.22,-35.85,148.83177248155044,-56.1466092199316,133.8234987279473,-40.590997110681435,150.69439135257812,4.789078568145524
137,-108.22,29.6,97.88,148.88996876888652,-102.19748198378313,26.29540424747877,100.69015490573935,145.85705640559797,7.422132236594079
138,-71.82,-87.46,96.78,148.90846987327484,-70.21121376313704,-83.45599194646098,100.21985840590501,148.11663359920226,5.518414582232863
139,-0.01,144.83,-34.63,148.9126116217159,1.3762160562839698,145.11851782945396,-40.221652097754934,150.59568215962884,5.7681375395303665
140,-98.85,-53.79,97.56,148.93837719003116,-94.71474904667748,-51.98882450945255,100.61575245683966,147.6389217086937,5.448133319971638
141,119.27,65.56,60.5,148.94192324527032,115.44874920734765,63.86047864088401,65.96879355404704,147.5074782807988,6.884622967688508
142,107.63,83.21,60.68,148.96369826236187,104.66460508872841,80.53626663370763,66.02292715959791,147.647542182038,6.670029064898411
143,-101.33,48.8,97.68,148.96506738158448,-96.20488588049773,44.24871925572152,100.60786178515973,146.0659819260907,7.453410345885987
144,141.42,-32.09,-34.16,148.98419412810205,143.05901676743034,-32.01846450018355,-40.17722468221362,152.0041898454727,6.236865091365425
145,-20.64,134.67,60.34,149.0064901271082,-19.719169343805596,128.25961767181565,65.59558232224147,145.4034235674111,8.340388254556409
146,144.45,-12.7,-34.35,149.02018319677373,146.28320724063764,-12.141660582882096,-39.771439239363005,152.07880858780948,5.750164790502857
147,104.36,-100.58,-34.64,149.02105757241154,107.56160587954754,-101.22385878760721,-40.1977619421298,153.0739321778751,6.446204476412368
148,1.32,112.19,98.12,149.04990070442852,0.5811988670358035,104.37943436964377,100.96493199054794,145.22162925441165,8.345322079525397
149,127.89,-68.09,-35.0,149.0540177251187,130.29846408273312,-68.45734953376258,-40.67446978342055,152.70399778548506,6.175374663996016
150,52.81,12.98,138.85,149.1197471832621,52.0235381684207,11.499876146960986,136.52921029842975,146.55688636044852,2.8627528136010367
151,18.7,143.83,-34.78,149.15229565782752,20.938720747675053,144.1293378364975,-40.00134971275551,151.03577069879347,5.6889336917670095
152,-137.19,46.54,-35.5,149.15534754074358,-135.57936025432417,47.724405126022994,-40.80904305834148,149.41472406340066,5.672998685723812
153,-10.91,52.74,139.1,149.16214566705588,-9.584886576717723,50.819345033667325,136.70546831937946,146.1603945970328,3.34344478850132
154,1.46,136.26,60.67,149.16356156917143,2.0035811889583695,130.095502250163,65.96966400622168,145.87957572051235,8.147573356256217
155,-90.26,67.09,98.02,149.18396730211998,-85.16933766199016,61.50072057004024,100.38666918189374,145.305327011267,7.9218691356477775
156,25.23,-52.03,137.53,149.1917380420243,20.02366331227029,-53.64143297666089,136.37770171302773,147.9095262272188,5.570498118340025
157,-38.41,139.78,-35.38,149.21635600697397,-38.20603884294848,140.0243552266388,-40.65513158777325,150.7294303881096,5.284725432668623
158,-54.18,-99.47,97.18,149.24377943485618,-54.23884907794688,-94.54761802476746,101.03612876695043,148.6250454656597,6.253242086419808
159,-129.19,65.23,-36.52,149.26057550471927,-127.76707951581571,66.63349795250723,-41.50845577064603,149.957999312645,5.373937121207771
160,56.64,-135.67,25.82,149.26858644738348,59.324042246954974,-136.948691347721,30.1300070637431,152.25670223682457,5.2359617297771655
161,41.45,-42.57,136.95,149.28365583679948,37.073601496119295,-43.65746935040153,135.95891986473717,147.53052039751074,4.617108758448796
162,20.46,135.18,60.14,149.36218932514348,20.567174897677425,129.20810310325717,65.86713902547524,146.4794272046927,8.274971928722195
163,-18.99,-145.99,25.34,149.38479105986661,-18.89293763614767,-147.06180331642662,29.768448942911153,151.22922217504598,4.557339519012226
164,-58.84,95.99,98.19,149.39043409803722,-55.677106231062744,88.69931947326661,100.51237887137962,145.15594283276664,8.279575059065653
165,48.36,-141.25,-5.71,149.40835384944177,50.397505064394274,-144.48659083888774,-5.7820592258681085,153.1329998982951,3.825197991978591
166,-136.63,7.63,60.05,149.4388714491648,-130.26613449435405,6.225060751351492,65.27775653753666,145.83964713353177,8.354763723894333
167,-19.22,144.01,-35.34,149.52325605068933,-18.61067533133952,144.49761557717713,-40.53906831104513,151.2261029164799,5.257314600236284
168,128.39,47.13,60.51,149.55497016147606,124.3973984243417,45.657074311388676,66.002675822302,148.03930013724047,6.948371400193076
169,-56.22,-136.24,25.5,149.5736474115678,-56.793070125524906,-137.96628375744626,29.824851423863734,152.15015619636583,4.6917805594985
170,134.23,27.98,59.92,149.63615772934025,130.027720981523,27.12504935264792,65.8868361455716,148.27019829792425,7.348008107415196
171,-118.53,-84.08,-35.67,149.63674749205157,-117.39896763641717,-85.31799537960687,-41.11497108636732,150.83805483074875,5.697330681887424
172,-19.55,111.25,98.16,149.64675272120007,-18.834679340710977,103.04575713944475,100.9388845800749,145.47106801896558,8.69157546535469
173,19.83,-146.13,25.49,149.65609209116747,20.647093706076237,-147.20528182108643,29.999609870949783,151.64324603140807,4.707489172312146
174,-39.78,105.63,98.27,149.65673456279873,-37.99604544732864,97.74853498675624,100.52176781796854,145.26906541635816,8.388709251548837
175,89.58,-114.74,-34.75,149.6576309447667,93.35608532160062,-114.93054167256048,-40.31493689285106,153.45905712077308,6.727826477132461
176,61.3,95.06,98.09,149.718875563504,57.183160806988475,88.6552860985194,100.86661771972706,145.95803576133034,8.104216869163666
177,-137.06,-48.3,-36.06,149.72861182820068,-135.50485808969754,-49.43289423752348,-41.12182063055156,149.98727189524618,5.415158705935634
178,43.33,30.84,139.98,149.74309633502307,43.634958699542196,29.250126446718795,136.81072191498933,146.54949044183107,3.5587949230010865
179,-7.31,-149.53,-5.43,149.80701552330584,-8.48721429448718,-152.85433207947588,-5.6014143910921215,153.19221744306716,3.5307789740014686
180,77.75,82.53,97.92,149.81518547864232,72.51010828028741,77.0215117160675,101.04147414351606,146.2853668927352,8.2184858238713
181,0.56,-147.78,24.88,149.86079006865006,1.166074650628684,-149.09845178674166,29.284414763003593,151.9515876959033,4.637295655946574
182,-133.63,-32.85,59.36,149.86563648815562,-127.31728781518478,-33.467193833315555,65.07843456501278,146.85008507019654,8.540009205529591
183,-28.57,44.59,140.2,149.86845231735728,-27.920611142464423,42.90459671528052,136.92102273400943,146.17705501342095,3.743525348026581
184,-142.85,28.63,-35.39,149.92748747311146,-140.82097994618712,29.433080436810304,-40.698751990378504,149.51000980061008,5.739748100928293
185,51.84,-25.52,138.35,149.9312459095835,48.97674857657455,-26.957487529078072,136.68300324979438,147.67420699769033,3.6115726872373672
186,56.26,-7.58,138.83,149.98804252339585,54.14748128092215,-8.639214000800965,136.75284767271,147.33610248073919,3.146304408145117
187,-35.98,-108.67,96.93,149.9971806401707,-37.389005282838234,-103.01510784090641,100.51720652419898,148.70695668643802,6.843329004607329
188,41.84,104.68,98.95,149.9986349937892,38.73313160397268,97.49117766830894,101.15426781061359,145.7291017721093,8.135760218182494
189,-129.42,-66.78,-36.15,150.0530816078097,-127.85359028632367,-67.94480498509566,-41.45851258913699,150.60493132586805,5.656033588428301
190,-142.73,-30.06,-35.43,150.10243635597658,-140.80561329513478,-30.85075275077349,-40.94374194447282,149.84785512353514,5.893208322548657
191,30.58,-146.88,-5.34,150.1245696080425,31.502485001241954,-149.96797028377128,-5.2407679971575405,153.3305720379586,3.2243427301326086
192,11.69,-149.57,-5.62,150.13136048141305,11.663074328566488,-152.64564931806802,-5.749805471434703,153.1985046320218,3.0785050235347797
193,137.16,7.26,60.7,150.1667846096466,132.8327063779458,6.951447811095018,65.90289131635221,148.4454162115317,6.774271370008887
194,73.2,-126.58,-34.23,150.17466264320356,76.75318421642623,-126.76955705806886,-40.13330651682498,153.53258343437415,6.892755456688749
195,-75.63,-124.94,-35.14,150.21557875267132,-74.87163548418346,-125.29063722513845,-40.63505036119912,151.50812814570338,5.558204896782505
196,-106.73,-99.75,-35.12,150.24902595358148,-105.7792027537544,-100.85341694348548,-41.007542485834946,151.79680492396398,6.065039231295263
197,-137.43,-11.98,59.6,150.2753649138807,-130.74281283188108,-13.034526357246694,64.99371046935174,146.58705394789803,8.655784810563219
198,118.09,-70.69,60.43,150.31336966484383,115.43887864618836,-69.414440958701,65.82947989290996,149.9267145630472,6.148973769208539
199,-107.3,-87.01,59.42,150.38206841242743,-102.48888148447101,-85.70324878721298,65.14844835208983,148.63827906466688,7.594049027043931
200,-145.71,10.14,-36.08,150.452617458122,-143.53592606294234,10.364558453024522,-41.519688612167485,149.77940674580054,5.8623575615926775
201,38.38,-143.14,26.0,150.4595759664369,40.37604440900703,-144.14518423090163,30.3341347577253,152.73578110769762,4.8764036665255786
202,127.4,-52.35,60.61,150.48207401547867,124.07004244268504,-51.3260833195862,65.9809045854916,149.60354952533217,6.401846512405886
203,133.68,-32.58,60.94,150.48415996376497,129.80932883619155,-32.47494336554154,65.99158757812143,149.19776617154332,6.3648777847035465
204,137.2,-13.32,60.38,150.48922486344327,132.8879962070334,-13.230075714454069,65.8467555656353,148.89610356839844,6.963252078023147
205,-128.52,-51.7,58.98,150.56201645833522,-122.39615398949493,-52.10992522992567,64.857735803126,147.9959077555751,8.498076654505882
206,21.54,111.5,99.04,150.68225907518112,19.692010248314354,103.67610203456618,101.35775762060354,146.32123711402426,8.36662691194727
207,-91.52,-114.44,-35.5,150.7735852196929,-90.53274108480471,-115.1747854162933,-41.02519590798181,152.13308352658134,5.660598872487684
208,92.82,66.99,98.17,150.79973938969522,86.0674841558089,62.42473137756628,101.01209525019297,146.6557271411716,8.632244970585521
209,55.48,-136.07,-34.14,150.8595867023372,58.5019023333866,-135.99340949218046,-39.96791032713943,153.34312458617518,6.565234085666242
210,106.79,-87.69,60.59,150.88004606308948,104.53209879172095,-86.0634351962028,65.89066882830811,150.58371357558852,5.986728735686712
211,-146.2,-10.39,-35.9,150.9012991991785,-144.0716009418949,-10.479913389040346,-40.87871587528734,150.1250285402633,5.415328128092476
212,-16.0,-114.38,97.16,150.92663780790983,-18.78243001804933,-108.19593669572116,100.60759066475781,148.93296375958843,7.607262132225712
213,103.4,48.86,98.61,151.00593266491222,95.98000775058107,45.811114225737725,101.27515629929212,146.85869861145864,8.453108750370628
214,5.77,-116.05,96.52,151.05299003991942,1.9958050397114337,-110.53649686759685,100.52199880608633,149.42212895514373,7.78840541017244
215,-93.03,-102.97,59.81,151.1113427244957,-89.00174426491398,-100.76646630708849,65.51150147458588,149.55583585961938,7.320486600476407
216,-119.96,-69.99,59.57,151.12109912252492,-113.8217444401813,-69.42933883933676,65.20387610240559,148.41619877173528,8.350633640148395
217,-1.04,-147.28,-35.2,151.43156870349063,0.488885131509577,-146.66350311834745,-40.74966293733797,152.22009455102827,5.789327842547966
218,93.12,-103.39,59.84,151.46501939391817,91.70903769723105,-100.62681464482665,65.8461356678533,151.23497281814744,6.760153370119581
219,-57.5,-135.71,-35.0,151.48747175921844,-56.796793943422266,-135.74942711085205,-40.82977427567296,152.71166697596652,5.872164963654882
220,77.18,-116.13,59.97,151.78712132457088,76.40948351814644,-112.78344653868325,65.50843325666386,151.16173395537874,6.516698447586736
221,-77.32,-116.18,59.7,151.79019994716393,-73.53920537867434,-113.20937038192021,65.01417926910574,149.83731102777125,7.166557723248387
222,36.93,-143.11,-35.01,151.8881071710356,39.70610435527878,-142.76677370492507,-40.56658854427133,153.6378029760442,6.220951368669919
223,115.44,9.7,98.28,151.9191956271491,107.39231789316874,8.429783380208812,100.89914908327228,147.59678003274007,8.5579541640635
224,112.37,29.29,97.99,151.94394064917495,103.93265273614234,27.163480247176572,100.72763028599373,147.26135428870043,9.121706786170266
225,-58.91,-126.95,59.3,151.9973045813642,-56.276127868618524,-123.57595666649131,65.14738469822491,150.60611331198396,7.246610147503267
226,-21.15,-146.48,-34.83,152.0422368948839,-19.42375588665415,-145.969333010411,-40.726092977831925,152.78397534259804,6.1647880674323305
227,18.58,-146.83,-35.05,152.0946014821039,20.796451179367686,-145.97844201940953,-40.62986100662507,152.94764961086392,6.064046147423578
228,26.1,-114.31,96.88,152.09773338219082,20.876975210820714,-108.5132392874235,101.10658561220175,149.77821219643508,8.873919576180679
229,-40.26,-142.03,-36.74,152.12894563494484,-38.912805594283846,-141.72557447478982,-41.835171417294625,152.80879054210902,5.2790509979359435
230,58.75,-127.3,59.69,152.3802762827263,58.24270951943305,-123.13407470321582,65.47651023587811,151.13367248185045,7.148145068476323
231,-0.4,-140.58,59.12,152.50596971922118,0.5450777945081917,-136.22195284861684,65.23831076887699,151.03891796377988,7.570962532987968
232,19.56,-139.22,59.36,152.60541143747164,20.390093654624042,-134.62692313557991,65.27033773063955,150.99795144196304,7.531102352786054
233,46.57,-108.39,96.84,152.62746345268272,40.459605484013906,-102.84593098271779,100.97127795228775,149.69790969463185,9.227192418522566
234,-20.22,-139.02,60.02,152.76717317539132,-18.760754059400192,-134.70764627265328,65.38741483525317,150.90934323637177,7.038105952499865
235,40.42,-134.8,59.48,152.78313650400034,40.535460718966995,-130.4249909446807,65.58458557227316,151.5095366744476,7.511324811306987
236,95.0,-70.08,97.02,152.80407978846637,86.59569933925893,-67.09732836107374,100.83396670072123,148.89041425777296,9.699223767704215
237,-39.7,-135.07,59.45,152.8211287747869,-37.88306394920146,-130.84863771501688,65.29404765419997,151.06225599111102,7.434651917765178
238,58.82,122.65,-69.7,152.84274565709686,57.407092014445624,119.39444865154441,-75.64391210881612,152.55362998463065,6.9227895183520705
239,76.85,112.57,-69.46,152.9791456375672,74.73735945989026,109.86782361485031,-75.48724150023081,152.82321549494657,6.934886255035506
240,81.11,-86.52,96.69,153.01470060095534,73.58404656043801,-82.38467669545551,100.99728499937997,149.67397382200227,9.606954672186571
241,108.05,83.8,-68.95,153.1383198288397,104.27221257297057,82.88256218282531,-74.9106853156018,152.81958056252407,7.116399329986668
242,113.03,-33.3,97.91,153.20260768015666,103.60287000340611,-32.4317278938675,101.14200930914093,148.37478793317575,10.00352740773682
243,106.21,-53.07,96.92,153.26602819933711,97.14254078317603,-50.884298881185586,101.07440513597999,149.1372538168551,10.210542985728491
244,116.96,-12.23,98.37,153.31624636678268,107.75914032348251,-12.554557698471022,101.08182584219088,148.28076327646562,9.597664084816493
245,20.66,135.4,-69.12,153.41958805837018,20.55720019097724,131.291144566899,-75.41897012459647,152.80047177948458,7.521322051436013
246,94.48,98.76,-69.88,153.50316739403132,91.362261470956,96.88076628273997,-76.11801481525146,153.38480327605163,7.222509379354876
247,64.55,-100.14,96.81,153.5151399699717,57.62372445753162,-94.69796250710385,100.94426715203049,149.92645795260714,9.730428040360879
248,-76.16,113.64,-69.71,153.53787578314348,-73.32332190642634,110.01760423980585,-75.94418690884656,152.47197218933644,7.748133973058748
249,128.47,47.92,-69.13,153.55723428090258,123.52619641423414,48.20838135432125,-75.34987788448558,152.5135185174695,7.950549578366544
250,39.79,131.29,-69.36,153.72416140607174,39.16136019551617,127.23471838404924,-75.60100624355567,153.09408166114528,7.469314287171914
251,-118.97,67.53,-70.14,153.73282473174035,-112.9329492953112,66.58516952417527,-76.16875936083589,151.62162029100406,8.583974910838046
252,119.8,66.99,-69.56,153.8775282489292,115.16837082578579,66.61899141835886,-75.71796551404536,153.08511997529754,7.714283858353639
253,-39.58,131.42,-69.82,153.98904246731323,-37.866922399622545,126.85695697486031,-75.9747397865759,152.63928862052035,7.850911944140707
254,134.31,29.66,-69.24,153.99048444628,129.2039504410928,30.496882800244325,-75.48264903881459,152.713296657603,8.108192273322956
255,-93.45,100.1,-70.55,154.0461456836879,-89.26937821321843,97.20366496503512,-76.59506978856102,152.59219863782016,7.899950880065708
256,-18.93,136.15,-69.89,154.20693726288712,-18.12088141809698,131.31289797521825,-75.99830580537295,152.79785994347498,7.833494028189555
257,-57.84,124.33,-70.58,154.22370407949614,-55.74424795476993,120.38463811808846,-76.44465425916604,153.11325037262262,7.372396258604186
258,-108.43,84.22,-70.35,154.2698797562246,-102.53232249881599,82.45716617188766,-76.53438848308002,152.21555121136117,8.725642894547214
259,137.59,-12.56,-69.02,154.4426174991864,132.15493911809529,-10.573661502249664,-75.16349934810334,152.40171221191696,8.439668930580286
260,-118.69,-69.88,-69.94,154.47373271854343,-112.029641447363,-67.33297182423678,-76.55418473436352,151.47578307390006,9.72600474388656
261,0.35,137.67,-70.1,154.490004207392,1.1434743663625455,132.93401673825022,-75.83839906409405,153.04974064792367,7.482537192987677
262,119.01,-69.99,-69.78,154.6972158766925,115.16881786143149,-66.60417796913143,-75.96643714669311,153.2020649446534,8.030596217987622
263,-107.53,-86.6,-70.05,154.82010011623166,-101.46028796030342,-82.9845849126281,-76.27316054166822,151.65166133321443,9.414900829334865
264,107.46,-87.15,-69.53,154.84571353447276,104.80996844997196,-83.13737204134593,-75.52097935834875,153.62412063106962,7.682166622957173
265,59.57,-125.37,-68.72,154.8827304769644,59.18778220910174,-119.42673601701422,-75.86995621262224,153.36945293706592,9.305393653873574
266,138.31,9.32,-69.13,154.90473007626335,133.15922511309378,10.449480252210169,-75.61959189587985,153.4890665446902,8.361878410428245
267,134.85,-31.74,-69.43,154.9595915069474,130.00758366270966,-29.638812978810936,-75.44182240499829,153.2054163937969,8.000374460668015
268,77.87,-114.29,-69.97,154.98948964365295,76.35350602395592,-108.48627091344862,-76.03320213082922,152.90577714764075,8.529094053224682
269,129.09,-50.57,-69.32,155.00585601840984,124.36609021911345,-47.81971646739778,-75.4415683359361,153.11786281292166,8.206886256016599
270,93.8,-102.27,-69.31,155.11759732538405,91.73601010930713,-97.03709559128828,-75.84624623606436,153.57195883255974,8.623564093694808
271,-128.78,49.34,-71.43,155.3092685579325,-121.38026889649637,48.784287757742426,-77.39501377689753,151.99692288642603,9.52083115378753
272,-135.36,28.72,-70.6,155.34325862424802,-127.78176769194855,28.962017425708602,-76.20366493814514,151.5716898297675,9.428108934889273
273,-59.84,-125.76,-69.08,155.4620519612423,-55.88104741982632,-119.70852983311302,-76.31899972269484,152.56937207124793,10.232141207878394
274,-128.71,-51.31,-70.5,155.46456252149557,-121.08834353619922,-49.22116457105671,-76.5099751271781,151.45588887868658,9.928377598112615
275,-93.12,-102.88,-70.26,155.5380866540411,-88.1214388792552,-97.88031144545586,-76.41819933726903,152.26846209494707,9.3758155910727
276,0.25,-139.46,-68.92,155.56066501529236,1.6019700304775597,-132.97310340809497,-76.1848629195761,153.25973338105825,9.8328980264015
277,-138.45,-11.94,-70.29,155.72941340671645,-130.47195925011295,-10.745278211216498,-76.62797918750536,151.69126655401203,10.258970442529957
278,-138.33,9.25,-70.98,155.75272646088737,-130.38696788061029,9.983995180232345,-77.03270271002582,151.7711396796816,10.01327709944227
279,-135.33,-31.91,-70.24,155.77584729347487,-127.5010339134076,-30.46748302858691,-76.02404228234587,151.5402130658165,9.840158043537405
280,-77.28,-115.73,-70.23,155.87778610180476,-72.72109230916419,-110.08845602523893,-76.59207124471781,152.55874538752235,9.648140145934352
281,-39.72,-133.73,-69.66,155.92917270350662,-37.00574182825858,-127.48756073110907,-76.3081778488067,153.11904217318323,9.514910097211665
282,40.32,-133.96,-69.13,156.04467597454263,40.40351206388954,-127.54008723134278,-75.83950650583492,153.78734793579076,9.286534971334806
283,-74.65,82.5,-109.83,156.33777982304852,-69.94773929952724,79.47952750078707,-111.36280081659007,153.65986766419692,5.795169381221862
284,20.75,-138.44,-70.02,156.5215528289954,21.337370747099104,-131.2253121570568,-76.35094813014078,153.31286058738715,9.616528962790738
285,61.8,94.28,-108.78,156.65582274527813,58.026735575672944,90.71789690542218,-111.0854318534462,154.71526114310285,5.67812635498519
286,-20.43,-138.71,-70.03,156.7228442187035,-18.451032386241135,-131.72428176069536,-76.48325623059458,153.43212012197435,9.713963563498051
287,22.74,110.35,-108.99,156.75793504636374,21.097418007325473,105.8280319384094,-111.07049126998035,154.85905663372614,5.24163282548182
288,-39.09,104.88,-109.92,156.87654031116315,-36.47206655849868,100.52296689073525,-112.0362198370631,154.87799413390576,5.5059694349078585
289,-58.22,95.65,-110.01,156.97353598616553,-54.445513458440644,91.68683162609311,-111.66349994235154,154.40053836939927,5.7172995611306785
290,-88.45,67.18,-110.94,156.9848352548742,-82.94775036600302,64.98716070328383,-112.14709468889365,153.88512336874825,6.044863340390571
291,-18.84,110.32,-110.39,157.1986008207452,-17.66812891419936,105.52471072855963,-111.98535088692266,154.8817166967817,5.187795822016473
292,43.88,104.07,-109.44,157.2677109263055,40.81723451204073,99.9846284460198,-111.22564488898169,155.02940572571842,5.409188556322604
293,79.28,81.7,-108.52,157.27936546158875,73.74424836896146,78.72323082558307,-110.77450223766685,154.6174362260737,6.677460683369803
294,-107.16,29.97,-111.25,157.34684299343283,-100.75371224135502,29.726392636770978,-112.2979490991637,153.77190355031576,6.496003749107748
295,-98.57,-52.35,-111.03,157.4300743187273,-94.15517775139386,-47.88781354509724,-111.91566472432848,153.89462691794952,6.339255906573357
296,-110.86,8.84,-111.49,157.4741416868179,-104.25977308670213,9.852101041010005,-112.2848756379067,153.54171249544228,6.7245201393090275
297,-99.43,50.38,-111.47,157.6389234928988,-92.96389844541392,48.859277810991216,-112.6038999688628,153.97777024810597,6.738604783614438
298,-111.38,-12.3,-111.04,157.75511402170136,-104.78753355452056,-10.170248918051644,-111.77099724229963,153.54679083599584,6.966405850514457
299,2.52,113.14,-109.93,157.77076693735123,2.3724969948953984,107.75215137039925,-111.42248202226484,155.01975476352087,5.592689208134969
300,41.26,31.26,-149.05,157.7830082740217,44.18718084442483,33.86084580006617,-146.57212463318723,156.78791901406285,4.633859396350637
301,-107.2,-32.25,-111.21,157.79596509416837,-101.56558361928857,-29.22028890911993,-111.88551778001116,153.90829135806925,6.432893712517111
302,93.52,65.1,-109.21,157.8316333945765,87.19432458844558,63.50852682903006,-110.96405958345515,154.75530924549705,6.754530426948426
303,7.69,51.35,-149.06,157.84436068482142,11.462380966969041,54.301268602482,-146.92523741821415,157.0574396189796,5.243858865810492
304,26.52,43.61,-149.41,157.88758849257277,30.2684212252569,46.79777774731744,-147.28044832755995,157.4729811273158,5.3616768807753505
305,-87.74,-70.39,-110.95,157.99671578865176,-84.10035272110484,-64.9580988718443,-111.83916326213513,154.27385512792847,6.598726656526914
306,51.07,12.41,-149.18,158.16708064575258,53.64837873483908,14.990424982509948,-146.62646289559328,156.8508240440763,4.45277236496699
307,-11.88,51.56,-149.44,158.53038068458676,-8.49942603944194,54.95779089708126,-147.0624945327678,157.22587675534714,5.350307984575324
308,-43.17,31.24,-149.4,158.61887182803943,-41.17140549297981,33.90994356121191,-147.215730016701,156.58045876463046,3.986729735445992
309,-72.86,-86.35,-111.34,158.6237614608858,-70.32270549188546,-79.74539997215149,-111.79055260448527,154.2781234525267,7.089541776319056
310,105.26,47.09,-108.95,158.6418551328747,97.97745000982995,46.57618682661631,-110.60216430944212,154.9250161841832,7.48526454053982
311,-50.91,13.35,-149.79,158.76742329583863,-50.17518450627535,16.06393422110388,-146.9549348623824,156.1132665832913,3.9928670276921543
312,-36.09,-108.39,-110.4,158.86799614774526,-36.856402990524025,-100.48151836739346,-111.5588398817493,154.5972339033869,8.029593087366996
313,-32.6,-40.82,-150.14,158.96871390308218,-34.39700814461051,-39.01970356904926,-147.04926674148055,155.9781339968009,4.002866171433743
314,-45.88,-24.75,-150.21,158.99868238447763,-47.07594785523009,-22.857587957532807,-147.80160095873362,156.79262559084026,3.288145457986489
315,-52.28,-5.43,-150.11,159.04620523608855,-52.73478277830287,-3.146839975597912,-148.8775662490945,157.9727497031065,2.634110860013226
316,-29.5,44.76,-149.83,159.13119273102933,-26.457121266193717,47.89713684943251,-147.0219166752862,156.87434132751648,5.194811888726448
317,53.55,-6.68,-149.76,159.1863137961301,55.17172498577857,-4.211939219148833,-146.95084733819533,157.0229639361892,4.075862439386096
318,-16.74,-114.34,-109.66,159.30843919893258,-18.640172528987176,-105.70532335961641,-111.36082681298068,154.6683715791375,9.003394258370427
319,112.88,28.33,-108.79,159.31022377738347,104.82485777161706,28.80658542229275,-110.61070101137926,155.08964294484764,8.272085719880893
320,-56.38,-99.91,-110.73,159.4422948906594,-55.344128179381705,-92.06240990255579,-111.48791739888281,154.81607011851887,7.951863904128691
321,-15.56,-51.13,-150.35,159.56664125060726,-18.114015294618675,-49.15712616591119,-147.06678643748242,156.11912207040191,4.603771995600755
322,115.94,-13.73,-109.24,159.88737942689536,107.43272251184182,-10.748663978190423,-110.68935444276502,154.62683088836334,9.130321080675369
323,117.09,7.23,-108.81,160.0061158206148,108.57010217324843,8.93036547531794,-110.86589699788733,155.4299380125287,8.927856080485478
324,49.49,-25.47,-150.03,160.02181695006465,49.203154947202655,-23.172552216743274,-147.04426280836364,156.77988664956752,3.7782499889004346
325,3.12,-54.3,-150.58,160.1017201656497,0.5751764604952726,-52.91741063573447,-146.34368738023875,155.6183087313209,5.131668813334126
326,22.7,-51.48,-150.41,160.5884444784244,20.437117243432837,-49.633752927619256,-146.84518552681257,156.34798912459917,4.608380284925496
327,38.56,-41.16,-150.58,160.7960061693076,37.503699462317385,-39.277298117885294,-146.77799073540592,156.5024350772983,4.3721403969779065
328,4.94,-117.8,-109.7,161.04450813362124,1.089318161956158,-108.39890906685338,-111.4765554341126,155.4944774337555,10.313312298268063
329,45.68,-109.38,-109.48,161.3583502642488,39.28453752954162,-100.93683242862049,-111.18205635573842,155.2190989702104,10.727815000620843
330,113.57,-34.0,-109.79,161.57966765654643,104.51909652726032,-30.33917477653912,-111.42933436259707,155.76008353069025,9.899894552063172
331,106.83,-53.37,-108.97,161.66467363032655,97.7260963279866,-48.438185305004836,-111.15280916816752,155.72923516515442,10.58151757167683
332,64.52,-100.32,-109.27,161.761755987007,57.23804179789236,-92.81882234033121,-111.04605380890318,155.6366064781453,10.604194862000428
333,81.75,-86.6,-109.58,161.8344799478776,73.86658690065404,-79.87236063540466,-111.0501876075119,155.4606407470637,10.467606465485494
334,25.91,-115.64,-110.85,162.27033062146634,20.74347057227072,-106.71654111618345,-111.3139789576933,155.59406682318743,10.321648184855912
335,95.53,-72.15,-109.66,162.34814135061725,87.07273701370804,-66.36903164715176,-110.93058231292659,155.8592441439518,10.32275504552244
