,x_gnl,y_gnl,z_gnl,r_gnl,x_gt,y_gt,z_gt,r_gt,x_B0,y_B0,z_B0
0,-1.33,-2.3200000000000003,-3.605,4.6101501122062984,-1.3263381065206372,-2.295878978306319,-4.659918773671946,5.361443465435206,-0.28,-0.38000000000000034,1.1149999999999998
1,0.1,17.32,-3.67,17.7306854365725,0.0594035108883333,17.363130426635603,-4.773801986596147,18.00752654854892,0.05,-0.10999999999999943,1.0
2,19.064999999999998,-2.2699999999999996,-3.485,19.5496863722642,19.052542617241603,-2.1203100137403723,-4.467835496541427,19.68391853164229,-0.08500000000000085,-0.009999999999999787,1.225
3,-20.96,-2.735,-3.9000000000000004,21.522309506025728,-20.604899126173965,-2.567810011354542,-4.848700459141301,21.32288471095537,-0.33999999999999986,-0.02499999999999991,1.0499999999999998
4,-1.52,-23.605,-3.87,23.985888807525107,-1.11673450431033,-23.08398051787515,-4.9069019927715365,23.626149488848622,-0.25,-0.004999999999999005,0.8899999999999997
5,-0.45999999999999996,37.34,-3.655,37.53274154815422,-0.9660638135381266,37.252589546993235,-4.794602615340053,37.57228927664114,0.26,0.0,0.895
6,39.155,-1.845,-4.0600000000000005,39.4253125063535,38.7043574203185,-1.774707643281804,-5.0663619764077055,39.0748626896484,0.125,-0.125,1.1499999999999995
7,-41.260000000000005,-2.6900000000000004,-3.9699999999999998,41.55507550474006,-40.773732228345665,-2.691904834254126,-5.089058050393025,41.17817508469486,-0.1600000000000037,-0.010000000000000231,1.1900000000000004
8,-1.4849999999999999,-43.205,-4.105,43.44134270948367,-1.2807179807441422,-42.62125555753642,-5.2758104422345875,42.96563556692048,-0.5049999999999999,0.14500000000000313,1.0949999999999998
9,-0.395,57.805,-3.52,57.92724695977774,-0.7431394325806744,57.4339222120665,-4.6653099936568205,57.62788209031177,0.41500000000000004,0.125,1.19
10,-61.0,-2.5,-4.234999999999999,61.206663097453166,-60.1739174389529,-2.626010365890168,-5.163029079691365,60.452073079998016,-0.020000000000003126,0.040000000000000036,1.0350000000000001
11,58.885,95.03999999999999,98.685,149.12764983039762,54.926952039006125,88.64243079969413,100.86496200107052,145.079947469839,-0.16499999999999915,-0.020000000000010232,0.5949999999999989
12,39.5,104.775,99.38,149.71482676731637,36.47627779576567,97.47694646516986,101.15349783296563,145.135467952707,-0.09000000000000341,0.09499999999999886,0.4299999999999926
13,75.33,82.6,98.75999999999999,149.16898729051596,70.25475012546772,77.0097599861944,101.03867315619514,145.17247163800582,-0.1700000000000017,0.06999999999999318,0.8399999999999892
14,-0.72,112.33500000000001,98.755,149.5740990988733,-1.6761587051517357,104.36243286307493,100.9649080460462,145.21790370973974,0.21000000000000008,0.14500000000001023,0.6349999999999909
15,27.675,43.79,139.215,148.5516411272144,26.771318315771524,42.6242941339301,136.24054521116219,145.24124790917654,1.875,0.03999999999999915,0.125
16,39.175,129.51,60.394999999999996,148.17766522537005,37.60690748653249,124.22845807311566,65.34557687694951,145.317011059634,1.2049999999999983,0.07999999999998408,0.7549999999999955
17,89.93,67.065,98.87,149.53691451401454,83.8131926890771,62.4139733869938,101.00787056047912,145.33666178171026,-0.6399999999999864,0.07500000000000284,0.7000000000000028
18,57.545,122.25,60.715,148.13641690066441,55.759712623189785,117.16597373794367,65.51374550065479,145.3583908940443,1.4250000000000043,0.12999999999999545,0.625
19,92.6,97.805,61.495000000000005,148.0636038162842,89.0040908531623,94.12756146811695,65.97610487173682,145.3773449701793,1.019999999999996,0.05500000000000682,0.7250000000000014
20,100.375,49.004999999999995,99.405,149.53004794231123,93.72693106570121,45.80105571866061,101.26932408413782,145.38896214086094,-0.7750000000000057,0.14499999999999602,0.7950000000000017
21,9.435,50.945,139.515,148.83183278592844,8.617298994108486,49.52049046740039,136.46980183356592,145.43226475090907,1.455,-0.015000000000000568,0.35499999999998977
22,76.08,111.36,61.285,148.1438481646233,73.23127491079468,107.10687213878845,65.93170034057759,145.5393101337741,1.4399999999999977,-0.030000000000001137,0.6649999999999991
23,109.08,29.39,98.58,149.938549093385,101.68093759340026,27.154055303736275,100.7200011525828,145.6738632064366,-1.0499999999999972,0.10000000000000142,0.5900000000000034
24,-21.41,134.555,60.81,149.2102585090235,-21.978355000207536,128.24450536487834,65.59788331091151,145.71473343375206,1.4800000000000004,-0.11499999999998067,0.46999999999999886
25,117.78999999999999,65.545,61.03,147.9712323221862,113.19427061992016,63.855209868896196,65.96463730461413,145.74554574087603,0.769999999999996,-0.015000000000000568,0.5300000000000011
26,50.445,13.100000000000001,139.005,148.45449165904768,49.773051814075146,11.483243340544835,136.5202085030275,145.763468997602,-0.11500000000000199,0.120000000000001,0.15500000000000114
27,-21.634999999999998,111.28,98.58,150.2313464020245,-21.09193945136887,103.02733912938572,100.93877880786107,145.76741606107987,0.1650000000000027,0.030000000000001137,0.4200000000000017
28,-40.46,129.775,60.11,148.64203636896553,-40.67235329417642,123.90813544885812,65.14752374731452,145.77951228929868,1.509999999999998,0.09499999999999886,0.6300000000000026
29,0.595,136.39499999999998,61.265,149.53094009122384,-0.25573782303640163,130.08194184896965,65.9720893250267,145.85504299455042,1.385,0.1349999999999909,0.5949999999999989
30,-41.730000000000004,105.69,98.72,150.5245459702874,-40.252919341191216,97.72875639714903,100.52120163958378,145.8619872396081,0.29999999999999716,0.060000000000002274,0.45000000000000284
31,42.025000000000006,30.835,139.75,149.15725024154742,41.38317576542854,29.23285359171246,136.80343247798626,145.88456430789995,0.9350000000000023,-0.004999999999999005,-0.22999999999998977
32,112.245,9.82,98.63499999999999,149.74996279539766,105.14197227923974,8.420595062464232,100.88972531731912,145.96053381163867,-0.9449999999999932,0.120000000000001,0.35499999999998977
33,-43.81,30.95,138.72,148.7306345002964,-44.544345035467394,29.28783765330952,135.90769492458824,145.98930662469883,0.5300000000000011,-0.10999999999999943,0.22999999999998977
34,-60.78,96.08,98.515,150.4359292408456,-57.93331874550245,88.67824963524932,100.51099101578542,146.02246640231385,0.3100000000000023,0.09000000000000341,0.32500000000000284
35,19.15,111.55,99.34,150.59424143918258,17.43470494792685,103.66045977263023,101.35762195429413,146.02337958396924,-0.14000000000000057,0.04999999999999716,0.29999999999999716
36,106.5,83.05,60.965,148.17878323749184,102.40890792131195,80.53020442655355,66.02038639938344,146.05269482944212,1.1200000000000045,-0.1599999999999966,0.2850000000000037
37,127.155,47.07,61.055,148.70061226010245,122.14425027257452,45.65245644594586,65.99676268932531,146.1469717088569,1.0150000000000006,-0.060000000000002274,0.5450000000000017
38,-92.605,98.45,59.82,147.81638010244563,-91.22291979997641,94.12144056006028,64.68618488665165,146.1669223358143,1.9050000000000011,-0.01999999999999602,0.6499999999999986
39,19.725,135.195,60.9,149.59336036331723,18.307920450628796,129.19590919426892,65.8694363494936,146.16957805494386,1.5150000000000006,0.014999999999986358,0.759999999999998
40,-77.36500000000001,82.235,98.44999999999999,149.80186407228257,-73.72298758373908,76.12060863044233,100.69377606224606,146.18023975289847,0.41499999999999204,0.03499999999999659,0.28999999999999204
41,-76.43,111.695,60.43,148.23047414121305,-75.41772591880171,106.87555635178096,65.36668231490539,146.22934413148397,1.769999999999996,0.03499999999999659,0.6499999999999986
42,133.11,28.055,60.715,148.96900422194355,127.7759269404228,27.120854156614296,65.87914254286125,146.29521406338364,1.1300000000000239,0.07499999999999929,0.7950000000000017
43,-11.235,52.36,139.755,149.67772794032817,-11.838245983019464,50.79819252190543,136.70036017457576,146.3133244216185,1.9250000000000007,-0.38000000000000256,0.6550000000000011
44,136.08499999999998,7.29,61.265,149.4177826084692,130.58238673733214,6.947456230143455,65.89326729395349,146.43069879216017,1.174999999999983,0.03000000000000025,0.5649999999999977
45,-59.345,122.41499999999999,60.28,148.81038212742362,-58.97079636941731,117.10359149092302,65.28004750630845,146.46600481662,1.7749999999999986,-0.05500000000000682,0.7899999999999991
46,52.575,-7.66,138.925,148.74429334105693,51.898467293044874,-8.655712762083333,136.74192033891214,146.51527240789724,-1.4349999999999952,-0.08000000000000007,0.09499999999999886
47,-29.354999999999997,44.510000000000005,140.33999999999997,150.13421762112281,-30.17339155207848,42.88208364942348,136.91520262947776,146.61200280653063,1.4550000000000018,-0.0799999999999983,0.13999999999998636
48,-92.33500000000001,67.095,98.065,150.48010632803886,-87.42356260587015,61.47750749567447,100.38275641669485,146.62558103003957,0.17499999999999716,0.0049999999999954525,0.045000000000001705
49,113.07,-12.24,99.045,150.82136114211477,105.51032875918162,-12.563736476806154,101.07040003516104,146.64754587921578,-1.6400000000000006,-0.009999999999999787,0.6749999999999972
50,-107.63,82.32,60.09,148.23818547123943,-105.16527318700157,79.00562157504548,65.12675093570022,146.77573577535455,1.7700000000000102,0.10999999999999943,0.7900000000000063
51,89.99000000000001,109.855,27.630000000000003,144.6771893602113,91.1548931042378,110.87117385790127,30.804895142507583,146.80113519389036,1.4100000000000108,-0.07500000000000284,0.8500000000000014
52,108.49000000000001,-33.31,98.285,150.1432069363753,101.35551129717052,-32.44121602652854,101.12869761432502,146.807307886087,-2.289999999999992,-0.010000000000005116,0.375
53,140.815,26.395,27.59,145.90050436620783,140.96122195595106,27.197297876100187,30.843424315440284,146.83690248223883,1.4749999999999943,-0.125,0.46000000000000085
54,104.945,95.155,27.29,144.27063980201314,106.1727630967885,96.733609963814,30.567686315847965,146.84832435864615,1.2949999999999875,-0.05499999999999261,0.9100000000000001
55,38.5,137.985,27.259999999999998,145.840421264739,38.95534813779931,138.29485848966507,30.438662273517295,146.86558206133552,2.030000000000001,-0.03499999999999659,0.6999999999999993
56,117.22,79.715,27.325,144.370081671074,118.2028644899523,81.67315654229382,30.50285416009312,146.87697499990927,1.1400000000000006,-0.23499999999999943,0.7650000000000006
57,136.26999999999998,-13.34,61.095,149.93362863123457,130.63915138407432,-13.234057755507243,65.83520679218306,146.88772110832375,1.3199999999999932,-0.019999999999999574,0.7149999999999963
58,46.980000000000004,-25.46,138.42000000000002,148.39694782232553,46.72907321417364,-26.97435739711863,136.67034106381334,146.93537479770538,-2.6099999999999994,0.05999999999999872,0.0700000000000216
59,-52.575,12.925,138.67000000000002,148.86430895985677,-53.41715974300688,11.146880006194081,136.46277582971356,146.96848327458872,-0.09500000000000597,-0.014999999999998792,0.6700000000000159
60,35.620000000000005,-42.28,137.485,148.2280832994653,34.82714497275025,-43.675139979365156,135.94469288698136,146.9741725722781,-3.5899999999999963,0.28999999999999915,0.535000000000025
61,73.695,121.83,27.560000000000002,145.036707083041,74.7559304777974,122.89074111366372,30.60258903579133,147.06155802506763,1.644999999999996,-0.12999999999999545,0.8000000000000007
62,56.095,131.51999999999998,27.075000000000003,145.53448077695543,57.086800276109706,132.14834116732501,30.23113357108697,147.091836197775,1.7849999999999966,0.04999999999998295,0.8150000000000013
63,0.37,144.16500000000002,27.145,146.71013465569575,-0.2836910643142633,143.97454288032796,30.37631071014311,147.14438395867685,1.6,0.1150000000000091,0.9149999999999991
64,135.685,45.235,27.285,145.60673691003242,136.17775804865892,46.70693779874545,30.64014338578928,147.18946365958635,1.1550000000000011,0.005000000000002558,0.5249999999999986
65,-119.115,65.945,60.870000000000005,149.14893127025172,-115.89392263754887,62.982866072726004,65.41707330852309,147.23327138695856,2.155000000000001,0.05499999999999261,0.6900000000000048
66,132.72,-32.730000000000004,61.379999999999995,149.84458054142783,127.5618908554722,-32.47916408209766,65.97821069890227,147.24149002616065,1.289999999999992,-0.15000000000000568,0.4399999999999977
67,-55.37,131.89499999999998,27.16,145.61097694049934,-58.19379251600352,131.861178337882,30.18150486610408,147.2576350347684,1.4299999999999997,-0.045000000000015916,0.9400000000000013
68,-128.13,47.25,60.195,149.24978610028543,-124.17357454726817,44.915989314414325,65.20581883198045,147.26955395290503,1.8600000000000136,-0.00999999999999801,0.6950000000000003
69,88.82,111.36,-2.9850000000000003,142.4780721917453,91.50656243793247,115.32858191302876,-4.457986788920307,147.28885369058855,0.7299999999999898,0.010000000000005116,0.8449999999999998
70,143.38,6.72,27.54,146.15589421681523,143.91798056217158,7.23799454378021,30.631553994296404,147.31960424266313,1.3400000000000034,0.0,0.5899999999999999
71,-19.119999999999997,142.96499999999997,27.090000000000003,146.7706408928679,-20.71918248962353,142.77875088339653,30.177887661617266,147.3966116658674,1.5300000000000011,0.014999999999986358,0.9200000000000017
72,127.96000000000001,63.519999999999996,27.235,145.43431979579321,128.63690864295222,65.11368090826468,30.657415925232343,147.40123085595738,1.220000000000013,0.02999999999999403,0.9849999999999994
73,-133.575,28.735,59.724999999999994,149.1219707814986,-129.58256362385768,26.64859764138067,65.00398069555372,147.40185228772143,1.8550000000000182,-0.03500000000000014,0.8149999999999977
74,-110.71000000000001,29.675,98.115,150.8769806354015,-104.44913322067939,26.27091799406907,100.68292454556982,147.43416787790827,-0.2400000000000091,0.07499999999999929,0.23499999999999943
75,-103.74000000000001,48.709999999999994,98.08000000000001,150.84566776096742,-98.45784942886856,44.22467868572409,100.60232955337179,147.54863276417888,-0.1600000000000108,-0.09000000000000341,0.4000000000000057
76,-37.315,139.215,26.835,146.6171970716639,-39.0773518082493,139.0356952714996,30.22842433063005,147.5524368537762,1.5350000000000037,-0.0049999999999954525,0.9750000000000014
77,-114.065,9.04,98.16499999999999,150.76124330710692,-107.55597232643295,6.966509190633006,100.7748566987097,147.55470570616532,-0.6550000000000011,0.1399999999999988,0.33499999999999375
78,72.99000000000001,123.125,-3.115,143.17404459904895,75.42844104906032,126.75517958877145,-4.408205653898975,147.56611246746436,1.0500000000000114,0.03499999999999659,0.9950000000000001
79,90.075,-70.225,97.57499999999999,150.24007159771858,84.35087346237663,-67.10802982519517,100.81738883501963,147.58964534274313,-2.6850000000000023,-0.14499999999999602,0.5549999999999926
80,-54.754999999999995,-6.664999999999999,138.95,149.502216568192,-55.51343521639947,-8.273553979025777,136.517300735675,147.60476477784843,-1.3449999999999989,0.14500000000000046,0.3699999999999761
81,18.5,-52.230000000000004,137.695,148.4929677257918,17.777937485170327,-53.66038955476416,136.3625624389265,147.61517843130426,-4.48,-0.20000000000000284,0.16499999999999204
82,19.174999999999997,143.25,27.1,147.05765262485494,19.27956148016905,143.18147851274526,30.299507131855176,147.61672470420382,1.6549999999999976,0.009999999999990905,0.8399999999999999
83,18.63,143.55,-3.0999999999999996,144.79795607160608,18.864211724369724,146.3719388102047,-4.696681913106458,147.65724423824608,1.4800000000000004,-0.04999999999998295,0.9900000000000002
84,101.6,-53.335,97.625,150.67473747661228,94.89653052612825,-50.89425258262073,101.05934879435216,147.67724411898575,-2.3599999999999994,-0.26500000000000057,0.7049999999999983
85,126.35,-52.129999999999995,61.15,149.73852013031478,121.82398217167193,-51.330722333392266,65.96574336496418,147.74100644412835,1.1999999999999886,0.22000000000000597,0.5399999999999991
86,127.495,65.705,-3.34,143.4731858894656,130.51030838788662,69.14725784086008,-4.675492680266217,147.77057925789856,0.4549999999999983,-0.06499999999999773,1.0899999999999999
87,116.83,82.63,-3.2,143.13725338766605,119.88338522888927,86.27256352783786,-4.601944734464465,147.77063025832348,0.480000000000004,-0.07000000000000739,0.9699999999999998
88,143.525,-13.1,27.395,146.70317256850018,143.93587901443897,-13.425323859283752,30.675737916765687,147.77948939255393,1.4650000000000034,0.16000000000000014,0.745000000000001
89,-73.445,122.72,26.695,145.49723212396674,-76.11436210418005,123.07237043470597,30.014348423231652,147.7872308226082,1.4450000000000074,-0.0799999999999983,0.875
90,-137.13,7.865,60.834999999999994,150.23155626808105,-132.51640180901236,6.201900380032871,65.26867789259295,147.84809985447401,1.75,0.23500000000000032,0.7849999999999966
91,-1.1699999999999997,-56.735,137.39,148.7127950971594,-1.5655226712899006,-58.16903713741604,135.91664075198685,147.84931848349206,-4.39,-0.06499999999999773,0.2599999999999909
92,-114.63499999999999,-12.66,97.11500000000001,150.77489683358135,-107.88569870663304,-13.598353411479977,100.2089886306806,147.87183843891907,-0.9649999999999892,-0.08000000000000007,0.1150000000000091
93,55.805,132.565,-3.065,143.87123354669376,57.74767340194378,136.0776905835749,-4.458645325247422,147.8912139920187,1.0750000000000028,0.125,0.9750000000000001
94,-18.16,143.92000000000002,-3.495,145.11195410191675,-19.986006160728053,146.52434897669082,-4.8945238236835085,147.9620953107935,1.2699999999999996,-0.04999999999998295,0.9749999999999996
95,-89.325,111.225,26.729999999999997,145.14526735941865,-92.12699288706979,111.86950708432394,29.85747852963192,147.96499064931288,1.5150000000000006,0.11499999999999488,0.9199999999999982
96,103.52,98.64500000000001,-2.895,143.02643198168772,106.64840130268374,102.49544075001732,-4.304026780704266,147.97878740376137,0.5,-0.10499999999998977,0.875
97,135.84,48.7,-3.245,144.3455575060745,138.72937103232238,51.32331119393137,-4.720605586168593,147.99393492989182,0.5200000000000102,-0.07000000000000028,0.915
98,37.515,139.56,-3.0199999999999996,144.55592415238874,38.86550085329059,142.75545281032996,-4.4860585667688655,148.01949596294386,1.375,0.030000000000001137,1.08
99,0.15000000000000002,144.975,-3.2150000000000003,145.02113192745918,-0.5410005044314035,147.95795139810215,-4.766699241091157,148.03570341348052,1.4100000000000001,0.03499999999999659,1.0150000000000001
100,-49.385,-25.635,138.33,149.11919779281874,-50.5111916312116,-27.210019397471317,136.57056019927788,148.13265524103835,-2.5150000000000006,0.125,0.25
101,117.31,-70.58,61.055,149.90536412109643,113.19414001554216,-69.41969620440165,65.81261383082501,148.20022838786343,1.4699999999999989,0.10999999999999943,0.625
102,-104.32,97.4,26.695,145.20442601389004,-106.84363703092245,98.2536371396953,30.148289110879798,148.2506638146609,1.2700000000000102,0.07000000000000739,1.0549999999999997
103,-20.549999999999997,-53.395,137.23000000000002,148.7452704820504,-21.04986569503267,-54.41000471668023,136.2906089230705,148.2520675730002,-4.509999999999998,0.125,0.2600000000000193
104,142.14,30.1,-3.3,145.333534565097,144.64168064225444,32.20797533285158,-4.546163634729713,148.25396135635378,0.21999999999999886,0.08000000000000185,1.0700000000000003
105,-37.605000000000004,-41.989999999999995,138.16500000000002,149.261334345293,-38.23727824588778,-43.429846773807874,136.50851109443525,148.26602658623258,-3.7050000000000054,0.09000000000000341,0.5150000000000148
106,-91.11,-70.05,96.92,150.344127607624,-86.32415357570457,-67.83400168878033,99.64798283044148,148.26675877569875,-1.980000000000004,0.09000000000000341,0.6899999999999977
107,-116.92,81.99000000000001,26.5,145.2482081180264,-119.32184229700205,82.77308825573637,29.929429363687596,148.27291367805017,1.4399999999999977,-0.01999999999999602,1.0199999999999996
108,-37.115,139.945,-3.64,144.83589152993898,-39.684397586064016,142.79624404309567,-4.809618827629863,148.286045054318,0.9750000000000014,-0.045000000000015916,1.1
109,-110.32,-32.255,97.715,150.8627338500869,-104.05586912273824,-32.26407326312277,100.60142687844994,148.28769811551024,-1.6399999999999864,-0.16499999999999915,0.585000000000008
110,-54.815,133.655,-3.385,144.50420334465488,-58.193115403237314,136.32396187700425,-4.8628008428760605,148.30478109020922,0.7650000000000006,-0.07499999999998863,1.1050000000000004
111,140.85500000000002,-31.52,27.32,146.90217027563835,141.50903480130407,-32.37327879866298,30.506236352088738,148.33565507639136,1.2350000000000136,0.030000000000001137,0.6000000000000014
112,-136.04500000000002,46.785,26.439999999999998,146.27998594612095,-137.45419965123452,47.17967340800054,29.788588121881943,148.3473578023625,1.204999999999984,-0.05500000000000682,1.0599999999999987
113,-72.745,124.115,-3.9850000000000003,143.92044779430643,-76.44166977077768,127.18710859090308,-5.226910061636933,148.48302952812904,0.4749999999999943,-0.015000000000000568,0.835
114,-88.325,113.095,-4.25,143.56445983257132,-92.49307243973892,116.12008988170795,-5.7618579555372085,148.5666272437337,0.2950000000000017,-0.06499999999999773,0.9400000000000004
115,75.68,-86.61,97.47999999999999,150.80046848498324,71.34033836376152,-82.39634457253199,100.97927964411053,148.57798085253037,-3.1799999999999926,-0.09000000000000341,0.789999999999992
116,-137.62,-11.879999999999999,60.295,150.7250076703918,-132.99167324042352,-13.057694339122904,64.98279623814203,148.5935810850167,2.0600000000000023,0.10000000000000142,0.6950000000000003
117,-127.885,65.19,26.32,145.93957440944675,-129.98524690580774,65.79791018848474,29.74495244372013,148.69529782146736,1.4150000000000063,0.06999999999999318,0.6900000000000013
118,-103.725,99.065,-3.79,143.48756958220034,-108.01912343572401,102.07860851132934,-5.291282355467063,148.71506652789654,0.355000000000004,0.08499999999999375,1.2199999999999998
119,-133.925,-32.64,59.945,150.32122758105635,-129.56465473038634,-33.49011939513364,65.06556375814247,148.80226960523632,1.954999999999984,0.21000000000000085,0.5850000000000009
120,-141.9,28.2,26.325000000000003,147.05712392437266,-143.27136928441382,28.27990836568005,29.64499562940241,149.01430884203512,1.0600000000000023,0.05000000000000071,1.2050000000000018
121,105.74000000000001,-87.815,61.085,150.4135987021068,102.28857711107169,-86.06949327212257,65.87224050563881,149.03040880558683,1.2000000000000028,-0.125,0.49499999999999744
122,143.23000000000002,-26.845,-2.9699999999999998,145.7570235396962,146.39913641731917,-27.653307829607567,-4.582596347736438,149.05842065090502,0.15000000000000568,-0.09499999999999886,0.8900000000000001
123,58.879999999999995,-99.975,97.685,151.71005888478555,55.38091608522675,-94.71079168924923,100.92512481992301,149.07401097696516,-3.4200000000000017,0.16500000000000625,0.875
124,143.67,5.885,-33.474999999999994,147.64176367229015,143.47988648911078,7.336155714550116,-39.78825243803983,149.0751556754828,1.4699999999999989,-0.06500000000000039,1.0350000000000037
125,-102.685,-53.75,97.80000000000001,151.65490382946285,-96.96067914220059,-52.01275623160516,100.60103899724936,149.0881254756771,-1.585000000000008,0.03999999999999915,0.2400000000000091
126,126.4,-68.245,27.755000000000003,146.3054005537736,127.98315407595925,-70.1340907149487,30.531416237714797,149.0994493119407,1.0300000000000011,0.11499999999999488,0.6650000000000027
127,40.535,-108.465,97.32,151.30453606556625,38.21739270817332,-102.86001711069001,100.95139868305652,149.10377970221816,-3.7850000000000037,-0.07500000000000284,0.47999999999998977
128,145.55,11.469999999999999,-3.1899999999999995,146.03899524682058,148.50776640608066,12.552893632676321,-4.82926119066378,149.11557123628623,0.45000000000001705,-0.02000000000000135,0.9100000000000001
129,-145.0,9.125,25.945,147.5902975189435,-145.94500286321525,8.391409319600267,29.449575107478186,149.12289255886898,0.8300000000000125,0.07499999999999929,1.0850000000000009
130,-116.56,84.33,-4.015,143.92883147762836,-120.79949728441278,87.34823539768456,-5.579643622912652,149.1756186319161,0.3400000000000034,0.030000000000001137,1.255
131,146.005,-7.975,-2.8899999999999997,146.25383549086501,148.91311735019733,-7.551578046891769,-4.624544074749127,149.1761685318779,0.32499999999998863,0.04499999999999993,0.8700000000000001
132,-76.535,-87.465,97.18,151.51124444674474,-72.4548451008652,-83.4780948615716,100.20208681957612,149.19368318835012,-2.4650000000000034,-0.005000000000009663,0.4000000000000057
133,-22.08,-114.275,97.465,151.85535032508318,-21.024252487108672,-108.21431776847102,100.5873395911385,149.23193575357902,-3.8299999999999983,0.10499999999998977,0.3050000000000068
134,135.43,-50.754999999999995,27.62,147.24379027081233,136.49453400898915,-52.21202039977793,30.461364444797546,149.28076772443495,1.2800000000000011,-0.134999999999998,0.8900000000000006
135,-41.625,-108.61500000000001,97.24000000000001,151.64402622071776,-39.63120655037194,-103.03484018127891,100.49749299195317,149.28682768914211,-3.395000000000003,0.05499999999999261,0.3100000000000023
136,138.215,-45.53,-3.5900000000000003,145.56778134749058,141.51728738894587,-47.23919235822627,-5.413004257010859,149.29160907321423,0.03499999999999659,0.00999999999999801,0.8500000000000001
137,-127.93,67.37,-4.58,144.66173063899961,-131.83092742844377,69.85269412947909,-5.823948166225859,149.307436774037,0.37999999999999545,-0.0799999999999983,1.12
138,73.785,121.6,-33.515,146.1453231540449,74.60795396215528,123.1117350068875,-39.934024610243426,149.39067043291794,1.9350000000000023,0.0899999999999892,1.134999999999998
139,-144.66,-10.265,26.33,147.40026951201122,-145.90977526766272,-11.88678310160301,29.809951501219082,149.39742748678583,0.9300000000000068,0.04499999999999993,1.1499999999999986
140,-0.10000000000000009,-116.21000000000001,96.685,151.2146396883005,-0.24584662761836726,-110.55335119682877,100.50147598229286,149.40766572044777,-3.62,-0.1600000000000108,0.16500000000000625
141,-142.55,31.555,-4.6850000000000005,146.0797783101473,-145.67761258906637,32.63438512606234,-6.021647404419897,149.4096052456783,0.10999999999998522,-0.11500000000000199,1.0649999999999995
142,-136.865,49.49,-3.84,145.5912217629026,-140.26337696876726,51.2996121426122,-5.043407623721059,149.4352738985142,0.22499999999999432,0.0,0.8799999999999999
143,-59.31,-99.39,97.64500000000001,151.4503886463773,-56.48166792375113,-94.56863137361661,101.01726210349891,149.4586634966835,-2.8800000000000026,0.0799999999999983,0.4650000000000034
144,19.880000000000003,-114.295,97.525,151.6108522411261,18.635176994745162,-108.52876946226272,101.08621162496567,149.47971702978901,-3.969999999999999,0.015000000000000568,0.6450000000000102
145,141.415,25.77,-33.334999999999994,147.56504874242614,141.4129208303001,27.6721291926226,-39.806573585110016,149.49222124377138,1.5949999999999989,0.030000000000001137,1.0350000000000037
146,-146.495,-6.37,-4.195,146.69632966670943,-149.308964244334,-7.222392267118186,-5.426096410600578,149.58199181730757,-0.14500000000001023,0.08999999999999986,0.915
147,128.01999999999998,63.425,-33.78,146.81805974066845,128.16733974137648,66.005899083958,-40.020039120727226,149.61700846323455,1.4899999999999807,0.125,1.2299999999999969
148,136.42000000000002,44.675,-33.459999999999994,147.40563348574187,136.40899409022842,46.97696938641906,-39.75401626424659,149.64835826222253,1.700000000000017,0.08499999999999375,1.2000000000000028
149,117.59,80.52000000000001,-33.51,146.41351608472894,117.93989802632264,83.1003187587818,-39.80520908052556,149.66608565140893,1.7199999999999989,-0.0899999999999892,1.1400000000000006
150,89.92500000000001,110.375,-33.315,146.2299926624546,90.7231458677505,112.29203557418366,-39.774043261997974,149.74032511966223,1.7750000000000057,0.015000000000000568,1.2950000000000017
151,-144.35,-25.715000000000003,-4.955,146.7110517299556,-147.1180641486926,-27.594399945260406,-6.267915828666567,149.81476054125332,-0.21999999999999886,-0.045000000000001705,1.1749999999999998
152,-128.555,-51.825,59.775,150.9584989221047,-124.64215894694924,-52.13246995221723,64.84307562621285,149.86022376515442,2.204999999999984,-0.125,0.7950000000000017
153,91.86500000000001,-103.315,60.81,151.03664509594643,89.46658029861078,-100.63380553398977,65.8263484576701,149.88175325185932,0.9950000000000045,0.07500000000000284,0.9699999999999989
154,140.52499999999998,-32.085,-33.474999999999994,147.98082743412388,140.81129662023307,-32.01159204571207,-40.190588499692375,149.8927839661535,1.3549999999999898,0.005000000000002558,0.6850000000000023
155,143.81,-12.79,-33.345,148.18432057611875,144.03403535647215,-12.13459133184907,-39.78291502859753,149.9190847625247,1.6100000000000136,-0.08999999999999986,1.0050000000000026
156,56.95,131.41000000000003,-33.71,147.154260369196,57.306760256585484,132.62626218877753,-40.02977881342625,149.92055691306632,2.1099999999999994,-0.04999999999998295,1.3699999999999974
157,105.25,96.045,-33.260000000000005,146.325507011656,105.94826078237638,98.4589724204726,-39.615488470591956,149.96196230934504,1.4099999999999966,-0.14499999999999602,1.0799999999999983
158,115.855,-85.53999999999999,26.905,146.50498507886948,117.90235963649204,-87.67475994142318,30.180550798238983,149.99565188739297,0.8250000000000028,0.060000000000002274,0.38500000000000156
159,75.825,-116.065,60.655,151.32866618976675,74.16791382615482,-112.79152329318954,65.48752246665089,150.03807105845553,0.894999999999996,0.06499999999999773,0.6850000000000023
160,103.1,-100.72,27.08,146.65636728147294,105.27962999146592,-102.57499449319988,30.550289368878246,150.12911165707385,0.6999999999999886,0.060000000000002274,0.6899999999999977
161,-119.99,-69.925,60.245000000000005,151.39234050620666,-116.0664828350103,-69.4512897911388,65.18754421708347,150.14768067604874,2.219999999999999,0.06499999999999773,0.6750000000000043
162,130.805,-63.91,-3.6950000000000003,145.63376673171075,134.68829612417832,-66.1893779397679,-5.111765596045917,150.16025110659845,-0.1349999999999909,0.05000000000000426,1.0549999999999997
163,-146.515,12.605,-4.09,147.11701853405222,-149.54439034989787,12.548424049816568,-5.36529582799244,150.1658217790537,-0.0549999999999784,0.10500000000000043,1.0700000000000003
164,-136.67000000000002,-49.155,25.755,147.51305405275968,-137.98667147955805,-51.52690841243005,29.27939358274922,150.17531982694084,1.1299999999999955,-0.15500000000000114,1.1050000000000004
165,-107.71000000000001,-86.93,60.269999999999996,150.9762138239666,-104.73243067472258,-85.72436608056489,65.13053802096961,150.19832208733638,1.8399999999999892,0.0799999999999983,0.8499999999999943
166,38.04,139.1,-33.425,148.0504987327434,38.21310649825734,139.65218290918796,-39.98261752008414,150.2051377393789,2.1799999999999997,0.09999999999999432,1.125
167,135.32999999999998,-49.625,-32.665,147.8041194868307,135.95852222052454,-50.03773793676829,-39.71609409520428,150.21938327791352,1.4899999999999807,0.02499999999999858,1.105000000000004
168,57.315,-127.10499999999999,60.44,151.9695359639532,56.00189626798941,-123.1434760458102,65.45465479353643,150.28253362382702,0.8049999999999997,0.1950000000000074,0.75
169,135.555,-12.425,-67.615,151.99726296556716,129.90556974684742,-10.564249640729038,-75.17479243699141,150.46032646405305,0.2150000000000034,0.1349999999999998,1.4050000000000011
170,-143.115,-29.935,26.15,148.53899531671794,-144.08240950250493,-31.82744705295016,29.443406088243183,150.4647509419833,1.3449999999999989,0.03500000000000014,1.1799999999999997
171,121.41499999999999,-80.17500000000001,-3.92,145.5544715440691,125.25648300142959,-83.29638377782804,-5.552959968313776,150.52677319586815,-0.3850000000000051,0.16499999999999204,1.0600000000000005
172,88.22,-114.645,27.04,147.16554587165024,90.67432207944033,-116.20592548673041,30.551311392228257,150.52917468244658,0.5699999999999932,-0.06499999999999773,0.4299999999999997
173,-117.735,-84.22,26.155,147.1089558725022,-119.32066857352437,-86.94221438060436,29.502639394667582,150.55489471115712,1.125,0.01999999999999602,1.2750000000000021
174,0.135,144.815,-33.625,148.69005309913527,-0.8844497206617706,145.11503844461845,-40.217792151956196,150.58760719152627,2.3949999999999996,-0.01500000000001478,1.0050000000000026
175,-129.14,-66.74000000000001,26.42,147.75546992073475,-130.3397032196599,-69.36030396909696,29.71168902751248,150.60569201375543,1.3300000000000125,0.0899999999999892,1.2200000000000024
176,126.75999999999999,47.894999999999996,-67.755,151.50881906436234,121.2725305941566,48.217179939431986,-75.35554503221216,150.6996392999133,0.539999999999992,-0.025000000000005684,1.375
177,18.43,-139.2,60.18,152.77326659663902,18.150119966251847,-134.63907116790978,65.24747469801476,150.71277083981596,1.120000000000001,0.020000000000010232,0.8200000000000003
178,18.63,143.77,-33.605000000000004,148.83655435295353,18.678127728004473,144.1272671628221,-39.99762980323731,150.73603412961336,2.1799999999999997,-0.060000000000002274,1.1749999999999972
179,126.85499999999999,-68.055,-34.09,147.94404960898603,128.05340590918757,-68.45136199320393,-40.69127880206128,150.79470777920184,1.2149999999999892,0.03499999999999659,0.9099999999999966
180,132.86,29.53,-67.815,152.0702495195229,126.95157872441392,30.506109130017432,-75.49001851705242,150.8179993587586,0.8000000000000114,-0.129999999999999,1.4249999999999972
181,-140.615,-43.64,-4.165,147.29397445582626,-143.52004075665315,-46.23703268827661,-5.486076919838727,150.88393662208887,-0.1950000000000216,0.0799999999999983,1.0549999999999997
182,-93.465,-102.795,60.57,151.57266548810267,-91.24419175820059,-100.7866324155496,65.49212312133793,150.90614962358188,1.8149999999999977,0.17499999999999716,0.759999999999998
183,-133.125,-61.795,-5.07,146.86049493051505,-136.1048296861395,-64.91186574707302,-6.288233391991879,150.9225525156901,-0.41499999999999204,0.02499999999999858,1.1600000000000001
184,38.925,-134.84,60.12,152.6831576605176,38.29518061845875,-130.43569666433723,65.56207619454914,150.92507299269806,0.7549999999999955,-0.03999999999999204,0.6400000000000006
185,72.37,-126.35,26.905,148.0774966597604,74.5729751902252,-127.6979437424057,30.319482221528787,150.9541800247418,0.5700000000000074,-0.0899999999999892,1.1449999999999996
186,-77.63,-116.005,60.120000000000005,151.99027470904917,-75.78074469962807,-113.22835890340508,64.99357817038539,150.95544948950507,1.9399999999999977,0.17500000000001137,0.4200000000000017
187,-1.5899999999999999,-140.735,60.209999999999994,153.08864865402376,-1.6947793444760528,-136.23554817556126,65.21534198708727,151.04978548218756,1.06,-0.15500000000000114,1.0899999999999963
188,-105.41,-99.51,26.575000000000003,147.3829804431476,-107.33154836533576,-102.19861056782467,29.80458643004524,151.1718579920229,1.1099999999999994,0.0,1.0650000000000013
189,115.84,-85.41,-32.915,147.649862426144,117.58949944679019,-86.05510593211842,-40.29471748356214,151.18345112549483,1.3900000000000006,0.010000000000005116,1.4050000000000011
190,-21.259999999999998,-139.115,60.475,153.17919898360918,-21.000721469196144,-134.72266678436392,65.3646355674153,151.207681122946,1.2100000000000009,-0.09499999999999886,0.4549999999999983
191,94.555,-110.83500000000001,-4.01,145.74770391581006,99.08772882431948,-114.17889348136507,-5.524689331167437,151.28026940879204,-0.7549999999999955,0.044999999999987494,1.0
192,-90.685,-113.54,26.295,147.67926348214465,-92.90755128468732,-115.59310541306125,29.886537991198526,151.28378716125283,1.2249999999999943,-0.14000000000000057,1.1450000000000031
193,106.475,83.71000000000001,-67.695,151.42299348354288,102.01601370069596,82.88991146870222,-74.9130007620931,151.29428990497703,0.6749999999999972,-0.0899999999999892,1.2550000000000097
194,127.01,-50.519999999999996,-68.03,152.68721130384094,122.11944231311112,-47.81084706196134,-75.4563952179974,151.3033471769285,0.1700000000000017,0.05000000000000426,1.289999999999992
195,-123.36500000000001,-79.08,-5.255,146.63290574566912,-126.53425729800502,-82.6853754508126,-6.70667929596584,151.3035661528786,-0.33500000000000796,0.010000000000005116,0.9850000000000003
196,132.96,-31.674999999999997,-67.915,152.6315495913296,127.75960700529257,-29.629531375405456,-75.45492863471023,151.30721254104893,0.3499999999999943,0.06500000000000128,1.5150000000000006
197,-38.72,139.765,-34.265,149.0368785130922,-40.4663332272793,140.01802437352853,-40.65166497626132,151.3113648727994,1.9399999999999977,-0.01500000000001478,1.115000000000002
198,-105.025,97.98,-34.355000000000004,147.6909240978583,-106.6325380600589,99.30233514248133,-40.79375110311076,151.31286153841035,1.7149999999999892,-0.04999999999999716,1.1849999999999952
199,-39.375,-141.435,26.5,149.19062636423837,-40.37774705799562,-142.75163560988705,29.998365776415458,151.35486076116968,0.7849999999999966,0.10499999999998977,0.8599999999999994
200,17.77,-146.175,26.369999999999997,149.5962693921755,18.407956650888064,-147.21404737352154,29.97554685628269,151.35838933302514,0.19000000000000128,-0.045000000000015916,0.879999999999999
201,54.675,-135.65499999999997,26.65,148.66933087852038,57.08415579979108,-136.95464272932526,30.106831817488978,151.3987989733687,0.2849999999999966,0.01500000000001478,0.8299999999999983
202,118.28,67.04499999999999,-68.095,152.06839746729986,112.91335864192104,66.62721414702075,-75.72185739668998,151.40149243781153,0.730000000000004,0.05499999999999261,1.4650000000000034
203,-137.51999999999998,46.47,-34.22,149.14153834973501,-137.8329090762893,47.7109731495506,-40.814151200016916,151.4597065938252,1.920000000000016,-0.07000000000000028,1.2800000000000011
204,-59.709999999999994,-126.91499999999999,60.099999999999994,152.602017898055,-58.516909290535494,-123.59369615527241,65.12575465396968,151.4628479908113,1.4500000000000028,0.0350000000000108,0.7999999999999972
205,103.185,-100.71000000000001,-33.555,148.04589122702072,105.31894359601029,-101.21957818082036,-40.21764264174811,151.50888312881906,1.0750000000000028,-0.13000000000000966,1.0850000000000009
206,-19.38,143.985,-34.14,149.2591306919091,-20.871296420498442,144.49270573806783,-40.535220883462145,151.5152043784756,2.09,-0.024999999999977263,1.2000000000000028
207,116.825,-70.025,-68.495,152.4616063206164,112.92354159642682,-66.59593055060931,-75.9830339304093,151.52612203132253,0.06499999999999773,-0.0350000000000108,1.2849999999999966
208,-20.67,-145.895,26.314999999999998,149.68755359077016,-21.132085613278573,-147.0734365832464,29.744491984932903,151.53183030048464,0.5699999999999967,0.09499999999999886,0.9749999999999979
209,-56.315,133.185,-34.415,148.6544767330803,-58.40645022174472,133.8158506281844,-40.58807993512047,151.5433520141,1.7750000000000057,-0.03499999999999659,1.4350000000000023
210,136.685,9.335,-67.775,152.858127913146,130.90831821218333,10.459008855031485,-75.62888244535885,151.54572413402425,0.625,0.015000000000000568,1.3549999999999898
211,-73.69,124.11500000000001,-34.065,148.3161969583149,-75.75809091989834,124.88341910670107,-40.404961950776666,151.55103977819235,1.5,-0.024999999999991473,1.1550000000000011
212,-143.13,28.645,-34.21,149.92571676765155,-143.07319168993428,29.419254993964884,-40.70559224946085,151.63237116501202,1.9699999999999989,0.015000000000000568,1.1799999999999997
213,79.28,-123.2,-3.8,146.5586889145219,83.36736560761378,-126.55664261287454,-5.318760284496597,151.64099263972238,-0.8599999999999994,0.10999999999999943,1.0200000000000005
214,-40.505,-135.035,60.1,153.26318242409832,-40.12331355898005,-130.86504689246837,65.2716810764764,151.644100246826,1.4450000000000003,0.03499999999999659,0.6499999999999986
215,108.685,-97.555,-4.085,146.1058862221801,113.154023950687,-100.88017232764402,-5.5033095860405705,151.69353552965796,-0.4350000000000023,0.03499999999999659,0.8849999999999998
216,57.644999999999996,122.81,-68.215,151.86144344020582,55.14822310949179,119.39844249073744,-75.64263609026881,151.72054236665863,1.0749999999999957,0.1599999999999966,1.4849999999999994
217,75.56,112.55,-68.0,151.6701459006166,72.47918712092869,109.87306915345233,-75.4869144809246,151.73528972773715,0.960000000000008,-0.01999999999999602,1.4599999999999937
218,-118.12,82.635,-34.614999999999995,148.2595089078815,-119.38133717056266,84.18305783484892,-41.14811664168598,151.76250654959176,1.8900000000000006,-0.045000000000001705,1.2450000000000045
219,75.485,-114.065,-68.21000000000001,152.85136456463852,74.11129062311947,-108.48085361798991,-76.05370234352301,151.80495591274163,-0.13500000000000512,0.22500000000000853,1.759999999999991
220,-111.435,-95.13499999999999,-4.905,146.6083929489909,-114.87151198690655,-99.12396769554695,-6.3447997306261605,151.85941433275582,-0.375,0.17500000000001137,1.1749999999999998
221,-129.45,65.19,-35.010000000000005,149.11261563583395,-130.02201195232735,66.62070349489052,-41.51177888396771,151.8791279682521,1.990000000000009,-0.04000000000000625,1.509999999999998
222,-146.34,10.030000000000001,-34.93,150.78677959073332,-145.78674611643694,10.350613016634627,-41.52834100503971,151.93917743514814,1.6200000000000045,-0.10999999999999943,1.1499999999999986
223,-1.4249999999999998,-147.775,25.674999999999997,149.99790866138687,-1.0729256675869718,-149.10857287857291,29.260216719607108,151.9561711739646,0.2650000000000001,0.0049999999999954525,0.7949999999999982
224,-143.485,-29.965,-34.195,150.51890061865817,-143.05341982072915,-30.864553271871415,-40.956331239400015,151.96816324371835,1.4949999999999761,0.09499999999999886,1.2349999999999994
225,-137.95,-48.349999999999994,-34.615,150.22520366878604,-137.7513069868559,-49.44629023962437,-41.136194404390146,152.02810491854447,1.3600000000000136,-0.04999999999999716,1.4450000000000003
226,-97.46000000000001,-109.81,-4.4350000000000005,146.89586349965526,-100.8653101101832,-113.59475472806375,-5.961613551314964,152.02999678184437,-0.5200000000000102,0.04999999999999716,1.3549999999999995
227,92.98,98.845,-68.495,152.0186017903611,89.10503675749766,96.88728708943322,-76.11896514977889,152.05574908755838,0.75,0.08499999999999375,1.384999999999991
228,105.445,-87.09,-67.94,152.71349329698563,102.56590157074407,-83.12992405467578,-75.53912864111653,152.1068979179277,0.23499999999999943,0.060000000000002274,1.5900000000000034
229,88.37,-114.61,-33.605000000000004,148.58111357468613,91.11442454264386,-114.9272879938611,-40.33609155063397,152.10890890063658,1.0400000000000063,0.12999999999999545,1.144999999999996
230,63.215,-133.04000000000002,-4.155,147.36114857870595,67.14930565993734,-136.38318313748132,-5.27479607365937,152.10925470510384,-1.1749999999999972,-0.0800000000000125,1.045
231,-91.375,112.095,-34.33,148.6458022585224,-93.14814191025445,113.17922738542887,-40.775802488633985,152.14723106743548,1.625,-0.09499999999999886,1.240000000000002
232,36.260000000000005,-143.12,26.78,150.05296776160912,38.13668444031068,-144.15253982967536,30.310317479003746,152.1613511543716,0.13000000000000256,0.01999999999998181,0.7800000000000011
233,-74.565,-126.275,26.365000000000002,149.00416892923084,-76.52529178923236,-128.15746244164913,29.750133146157815,152.20225321960243,0.875,-0.13500000000000512,1.0250000000000021
234,-2.515,-147.14499999999998,-34.120000000000005,151.07542857610787,-1.7504572415364894,-146.6669948931802,-40.77362686981433,152.23915442378626,0.7749999999999999,0.13500000000001933,1.0799999999999983
235,91.845,-102.11,-67.735,153.14106972416153,89.49295835225499,-97.03057198703968,-75.86569052901547,152.24823313987878,0.2950000000000017,0.1599999999999966,1.5750000000000028
236,-146.82,-10.465,-34.36,151.154075792075,-146.32089609171462,-10.493958951044291,-40.88935486421602,152.28876238501755,1.6299999999999955,-0.07499999999999929,1.5399999999999991
237,-82.515,-122.045,-4.6850000000000005,147.39972521771335,-85.59434669231105,-125.90438060572158,-5.998856565518762,152.3623691122175,-0.34499999999999886,-0.0049999999999954525,0.9649999999999999
238,44.885,-141.17000000000002,-4.405,148.2093452751874,48.15808539457504,-144.48976978848592,-5.80593231065119,152.41457808358328,-1.2250000000000014,0.07999999999998408,1.3049999999999997
239,71.86500000000001,-126.645,-33.224999999999994,149.3626876865606,74.51238915172817,-126.7675340276576,-40.155551422270506,152.42890844776957,0.9150000000000063,-0.06499999999999773,1.0050000000000026
240,-29.895000000000003,-145.83999999999997,-4.225,148.93952562791856,-31.08918246939643,-149.20268963927094,-5.447431855932885,152.50460444207272,-0.9750000000000014,0.11000000000001364,1.0750000000000002
241,53.92,-136.165,-33.245000000000005,150.18246027372822,56.26178182237359,-135.9927360516172,-39.990992232795534,152.50800573214738,0.6900000000000048,-0.09499999999999886,0.894999999999996
242,19.465,135.32999999999998,-67.81,152.62328004791993,18.2974624517938,131.29242371758465,-75.41647348402019,152.51276054998976,1.0549999999999997,-0.0700000000000216,1.3100000000000023
243,-130.135,-66.74000000000001,-34.93,150.36835215141951,-130.0986870657382,-67.95760955676954,-41.47466963479848,152.52558242542423,1.5349999999999966,0.03999999999999204,1.2199999999999989
244,57.42,-125.44,-67.65,153.6547769856915,56.94636681117439,-119.42258875662908,-75.89145966729433,152.5259225468259,0.10000000000000142,-0.06999999999999318,1.0699999999999932
245,38.82,131.315,-67.96000000000001,152.8813466700385,36.90191844048654,127.23737459718593,-75.5989399081888,152.5329498640044,1.2800000000000011,0.025000000000005684,1.3999999999999915
246,-119.325,-84.1,-34.64,150.0415238392831,-119.64279393409208,-85.33006851838655,-41.132809361399744,152.60251223249708,1.4549999999999983,-0.01999999999999602,1.0300000000000011
247,-76.375,-124.89,-33.84,150.2615966052433,-77.11253940477881,-125.2996477601379,-40.65680000310081,152.6411505746741,1.5049999999999955,0.04999999999999716,1.2999999999999972
248,17.104999999999997,-146.78500000000003,-33.849999999999994,151.61211099658004,18.557058965642884,-145.9804610585661,-40.6538070505972,152.66758488963225,0.7749999999999986,0.044999999999987494,1.2000000000000028
249,-48.18,-140.61,-4.405,148.70737889558131,-50.115028461397685,-144.10158907192059,-5.730375826407671,152.674887449938,-1.0499999999999972,-0.0700000000000216,1.0149999999999997
250,27.15,-146.77499999999998,-4.234999999999999,149.3333885940923,29.263467252179545,-149.97258174480058,-5.265119676967224,152.8916193780191,-1.1799999999999997,0.10500000000001819,1.1050000000000004
251,-65.82,-133.17000000000002,-4.535,148.62092704745396,-68.32830936960706,-136.68682438775483,-6.053274010210405,152.933606341969,-0.7299999999999898,-0.13000000000002387,0.8449999999999998
252,-57.51,-136.38,26.6,150.38820971548841,-59.03288260742001,-137.98069237589326,29.80185040650425,153.00883302974367,0.9600000000000009,-0.13999999999998636,1.1000000000000014
253,18.32,-138.4,-68.53999999999999,155.53017617694246,19.096816612140888,-131.22388521483492,-76.37348833488718,153.0271419586508,-0.17999999999999972,0.03999999999999204,1.480000000000004
254,-0.7649999999999999,137.61,-68.31,153.64608021236046,-1.1163843716098136,132.93391703624636,-75.83570039419003,153.04811683566106,1.135,-0.05999999999997385,1.789999999999992
255,8.16,-149.605,-4.49,149.90434798583684,9.424251135665841,-152.65166216595628,-5.7743661587843595,153.05126518925957,-1.2799999999999994,-0.03499999999999659,1.13
256,-20.185000000000002,136.025,-68.58,153.67332494950858,-20.38062200117967,131.31140561126526,-75.9957167285766,153.07973072177535,0.9949999999999974,-0.125,1.3100000000000023
257,111.78,-13.57,-107.66999999999999,155.7940403837015,105.18328275410506,-10.73767098619362,-110.70060630360707,153.0798640746848,-1.9099999999999966,0.16000000000000014,1.5700000000000074
258,35.22,-143.17000000000002,-33.625,151.2313976311477,37.466477517234004,-142.76741680126318,-40.59027248240929,153.08116297523753,0.5399999999999991,-0.060000000000002274,1.384999999999998
259,-22.22,-146.355,-33.87,151.86429361136024,-21.663148884064878,-145.974282340745,-40.7499441909357,153.09585584212616,1.1799999999999997,0.125,0.9600000000000009
260,-120.4,-70.025,-68.705,155.30958199610856,-114.27486521888564,-67.34127300490333,-76.57032024016418,153.15549553442963,0.539999999999992,-0.14500000000001023,1.2349999999999994
261,-109.15,-86.585,-68.49000000000001,155.2517217751432,-103.70436721688154,-82.99214032580912,-76.29081336541653,153.17499580437214,0.6299999999999955,0.015000000000000568,1.559999999999988
262,-40.86,131.375,-68.44,153.67166703114867,-40.12633721607147,126.85401926881303,-75.97252952280643,153.21191332635973,0.9699999999999989,-0.044999999999987494,1.3799999999999955
263,38.165,-134.12,-67.94999999999999,155.12332190811108,38.16268974484281,-127.53731565270722,-75.86173981138332,153.22258756354896,0.09499999999999886,-0.1599999999999966,1.1800000000000068
264,-1.905,-139.465,-67.88499999999999,155.12371386743064,-0.6384559267327958,-132.9731346412747,-76.20752369865829,153.26398412731712,0.09499999999999997,-0.0049999999999954525,1.0350000000000108
265,-130.335,-51.34,-69.11,156.20580755403793,-123.33489086581302,-49.230132148012906,-76.52436222789248,153.2679980641051,0.625,-0.030000000000001137,1.3900000000000006
266,-120.02,67.66,-68.66,153.9420404385852,-115.18795945380641,66.57676460297695,-76.17212158055543,153.30663291004365,1.2000000000000028,0.12999999999999545,1.480000000000004
267,-10.780000000000001,-149.49,-4.34,149.9499314268429,-10.726021834414702,-152.86183174828685,-5.625947905511685,153.34092226039803,-1.2200000000000006,0.03999999999999204,1.0899999999999999
268,-107.575,-99.83500000000001,-33.95,150.64492963493345,-108.0218934378118,-100.8646509919582,-41.02688945130897,153.38061461498134,1.4050000000000011,-0.08500000000000796,1.1699999999999946
269,-41.04,-142.17000000000002,-35.24,152.12660049429743,-41.15251128978502,-141.73184241289692,-41.85857238699722,153.40659836358935,1.4699999999999989,-0.14000000000001478,1.5
270,-61.58,-125.655,-67.84,155.51419433803386,-58.122442967647636,-119.7127494798808,-76.34026122695798,153.4183699846936,0.5100000000000051,0.10500000000000398,1.2399999999999949
271,-136.895,-31.905,-68.82,156.5098991547672,-129.74895068399348,-30.47696574948403,-76.0366259488539,153.444465949667,0.6850000000000023,0.004999999999999005,1.4200000000000017
272,-136.515,28.775,-68.61,155.47827282039395,-130.0340282367347,28.95253088838594,-76.21058042084343,153.47687158786078,1.0950000000000273,0.054999999999999716,1.9899999999999949
273,-91.995,-114.505,-34.010000000000005,150.78015130875553,-92.77438518605521,-115.18490339989398,-41.04594425711012,153.49077515554882,1.7749999999999915,-0.06499999999999773,1.4899999999999949
274,90.81,65.04499999999999,-107.35,154.92741409755612,84.93945721803885,63.51806637193419,-110.96818258442546,153.50307389174614,-0.45999999999999375,-0.05500000000000682,1.8599999999999994
275,102.525,47.205,-107.155,155.6374958096904,95.7238209441175,46.58648005733479,-110.60792726536808,153.51698145226433,-0.49499999999999034,0.11499999999999488,1.7950000000000017
276,76.75,81.61500000000001,-107.195,155.05796162234333,71.48826952508196,78.73176919117446,-110.77714285901354,153.56054030794962,-0.28000000000000114,-0.08499999999999375,1.3250000000000028
277,-77.695,113.55,-68.38499999999999,153.6485040874079,-75.58150586684499,110.01207243315929,-75.943499706773,153.5663871355032,0.7150000000000034,-0.09000000000000341,1.3250000000000028
278,-58.305,-135.56,-33.805,151.3980340888693,-59.0369339969183,-135.75709801211624,-40.852563551093766,153.57174605090606,1.4350000000000023,0.15000000000000568,1.1950000000000003
279,109.75,28.5,-107.355,156.14990676604566,102.57252734367354,28.817380033828,-110.61817457191681,153.5836752500271,-0.8799999999999955,0.1700000000000017,1.4350000000000023
280,-94.94,-102.705,-68.845,155.89346349726407,-90.36442986994376,-97.88687805811989,-76.43730386153457,153.59112117341218,0.4200000000000017,0.17499999999999716,1.4150000000000063
281,-139.795,-11.91,-68.95,156.3305502554636,-132.72131880829568,-10.754920607986865,-76.63867509168217,153.63626949163336,0.9050000000000011,0.02999999999999936,1.3400000000000034
282,-78.955,-115.74000000000001,-68.59,156.00076099723077,-74.96319152665669,-110.09388044386824,-76.6123759826659,153.65415304755135,0.5649999999999977,-0.010000000000005116,1.6400000000000006
283,-41.675,-133.91,-68.285,155.9912437164587,-39.246568877382636,-127.49040186402922,-76.33022530085782,153.68929380597245,0.2950000000000017,-0.18000000000000682,1.375
284,-139.645,9.285,-69.17,156.1182261820875,-132.63784336851526,9.974397441992766,-77.04142195230608,153.71293632682608,0.9350000000000023,0.03500000000000014,1.8100000000000023
285,-22.515,-138.72,-68.5,156.34676944591553,-20.691550258081904,-131.7257501074534,-76.5057510662789,153.73009932888687,0.16499999999999915,-0.009999999999990905,1.5300000000000011
286,-109.2,84.25999999999999,-68.82499999999999,154.15210195515039,-104.7884935331023,82.4495561276963,-76.53626135716848,153.7412013258774,1.480000000000004,0.03999999999999204,1.5250000000000057
287,-129.64,49.34,-69.83500000000001,155.30242559519917,-123.63398094353344,48.775382540257525,-77.40005384748225,153.80236513619548,1.3900000000000148,0.0,1.5949999999999989
288,113.445,7.24,-107.375,156.3700537375026,106.31922377381618,8.9414582859916,-110.8752748135356,153.87349864458133,-1.3950000000000102,0.009999999999999787,1.4350000000000023
289,59.739999999999995,94.28999999999999,-107.05,154.66400208240373,55.76987942537454,90.72531613190982,-111.08689187644137,153.88846605617968,0.18999999999999773,0.009999999999990905,1.730000000000004
290,-94.715,100.15,-69.265,154.27215302351948,-91.52662716036342,97.19702991516692,-76.59556733902683,153.91967723351496,0.9849999999999994,0.05000000000001137,1.2849999999999966
291,-59.46,124.345,-69.14,154.2050809588775,-58.00319080063463,120.38043871933743,-76.44301946482685,153.9459495869082,0.6199999999999974,0.015000000000000568,1.4399999999999977
292,108.645,-33.95,-108.095,156.97681835300497,102.271086799106,-30.32832401517794,-111.44244767319663,154.2679538207241,-2.674999999999997,0.04999999999999716,1.6950000000000074
293,101.42,-53.489999999999995,-108.11500000000001,157.60751346227107,95.47941001659407,-48.42785724604558,-111.16763263247613,154.3367021795834,-3.1599999999999966,-0.11999999999999744,0.8549999999999898
294,75.58,-86.765,-107.58500000000001,157.55784242963534,71.62219823324794,-79.86378589320532,-111.06795306961706,154.41519930380255,-3.9200000000000017,-0.16500000000000625,1.9949999999999903
295,41.64,104.095,-107.67,155.44827233323446,38.55970082808306,99.990803231626,-111.2261809798298,154.4547655276938,0.00999999999999801,0.025000000000005684,1.769999999999996
296,20.515,110.55,-107.24,155.38519949673025,18.83945767950283,105.83275067527883,-111.07042403304108,154.57081023282845,0.02500000000000213,0.20000000000000284,1.75
297,89.82,-72.09,-107.895,157.83143733705882,84.82736171203295,-66.35950324552259,-110.94709087512314,154.62380780355085,-3.460000000000008,0.060000000000002274,1.7650000000000006
298,38.42,-109.4,-107.965,158.50334118859712,37.04168812445216,-100.93077236579862,-111.20174985225542,154.67687816758337,-5.009999999999998,-0.020000000000010232,1.5150000000000006
299,-77.34,82.465,-108.08,156.4144341685931,-72.20377441102883,79.47762032650394,-111.36503361989935,154.70051029367667,-0.4399999999999977,-0.03499999999999659,1.75
300,57.755,-100.465,-107.315,157.99133996472648,54.99459936567639,-92.811463185573,-111.06501507018442,154.83478688776148,-4.515000000000001,-0.14500000000001023,1.9549999999999983
301,-23.755,-114.105,-108.31,159.18463740126884,-20.88267369703792,-105.70347960453952,-111.3808397357613,154.96774864947741,-4.765000000000001,0.23499999999999943,1.3499999999999943
302,0.35,112.785,-108.39,156.4280183020662,0.11439526974551567,107.75553516214323,-111.42218754417802,155.00378163608656,0.07999999999999996,-0.355000000000004,1.5400000000000063
303,-115.035,8.69,-109.6,159.1477957208584,-106.51072160629307,9.84777463009514,-112.29366833584206,155.08507481565886,-1.9249999999999972,-0.15000000000000036,1.8900000000000006
304,-116.21000000000001,-12.355,-109.36500000000001,160.08448194001193,-107.03701755233189,-10.174662761694522,-111.78169815209507,155.09866192388156,-2.5800000000000125,-0.054999999999999716,1.6749999999999972
305,-91.4,67.23,-109.11,157.42286933666026,-85.20272811827327,64.9843783305309,-112.15067919080276,155.11366525474256,-0.7000000000000028,0.04999999999999716,1.8299999999999983
306,-20.97,110.375,-108.545,156.22494848999375,-19.92606911407144,105.52668355815808,-111.98522200882229,155.15675660920346,0.120000000000001,0.05500000000000682,1.8449999999999989
307,-43.025000000000006,-108.91499999999999,-108.12,159.47093656812,-39.0992863511578,-100.48098708807338,-111.57831207614034,155.16089289870683,-4.685000000000002,-0.5249999999999915,2.280000000000001
308,-60.97,95.68,-108.26,156.8265077999627,-56.70244147632129,91.68608601032335,-111.66460480401896,155.2111117262736,-0.5,0.030000000000001137,1.75
309,-110.905,30.045,-109.22,158.54928714701336,-103.00611329650711,29.722323567392277,-112.3048546650386,155.26125168899375,-1.4950000000000045,0.07500000000000284,2.030000000000001
310,-104.32499999999999,-52.21,-109.00999999999999,159.71351431192483,-96.40190556074744,-47.891436261250625,-111.92998742898006,155.29082119932372,-3.5049999999999955,0.14000000000000057,2.0200000000000102
311,18.215,-115.845,-109.595,160.60018920100862,18.501043312686164,-106.71182349290743,-111.33418032340586,155.3222507727852,-5.445,-0.2049999999999983,1.2549999999999955
312,-78.985,-86.335,-109.135,160.07038465849365,-72.56710478741627,-79.74729260861238,-111.807969103043,155.32751633428805,-3.875,0.015000000000000568,2.2049999999999983
313,-102.415,50.36,-110.19,158.64677679728305,-95.21769854878325,48.85580709423189,-112.60899911360642,155.35149399064036,-0.7349999999999994,-0.020000000000003126,1.2800000000000011
314,-112.57,-32.415,-108.72,159.87009994136088,-103.8136756382191,-29.224456219799567,-111.89804293393804,155.41081076715926,-3.1199999999999903,-0.16499999999999915,2.489999999999995
315,-41.295,104.81,-108.685,156.5360503107253,-38.729641279135826,100.52357033372279,-112.03652402336547,155.42572509558255,0.045000000000001705,-0.06999999999999318,1.2349999999999994
316,-2.66,-117.18,-108.00999999999999,159.48030695274576,-1.1529864716079032,-108.39561233852312,-111.49687132334725,155.50720390689992,-5.35,0.6199999999999903,1.690000000000012
317,-93.905,-70.595,-108.705,160.11947360808352,-86.34583281092253,-64.96099390986981,-111.85513737423322,155.52204130147763,-3.9150000000000063,-0.2049999999999983,2.2450000000000045
318,-3.105,-54.345,-148.75,158.44902841122757,-1.6712646884184408,-52.910826766245364,-146.35871088594544,155.63810898023064,-3.975,-0.045000000000001705,1.8300000000000125
319,-63.14,-99.755,-108.86500000000001,160.6641841977655,-57.58762662772939,-92.06323661121738,-111.50654350996557,155.64601993461832,-4.509999999999998,0.15500000000000114,1.8649999999999949
320,33.59,-41.209999999999994,-148.565,157.80844967142156,35.256260321116265,-39.26797403167521,-146.79179971403985,155.98977575363529,-2.719999999999999,-0.04999999999999716,2.015000000000015
321,16.75,-51.44,-148.53,158.11486240748025,18.1904348830267,-49.62566965893125,-146.8599422835248,156.08152247415848,-3.6999999999999993,0.03999999999999915,1.8799999999999955
322,45.625,-25.28,-148.34,157.2469163037007,46.95453814926731,-23.16234780635863,-147.0565632798583,156.09886550643694,-1.615000000000002,0.18999999999999773,1.6899999999999977
323,50.07,12.58,-147.39,156.18016432117724,51.39697379553277,15.000914150148066,-146.6351343204365,156.1042566935676,1.25,0.16999999999999993,1.7900000000000205
324,41.125,31.12,-147.125,155.92299399245383,41.934396929214685,33.8706381838657,-146.57897436708487,156.1765331389636,2.104999999999997,-0.14000000000000057,1.9250000000000114
325,51.28,-6.765,-147.945,156.72741707699709,52.9217226706353,-4.201307645069008,-146.96135356444935,156.25619718222777,-0.01999999999999602,-0.08499999999999996,1.8149999999999977
326,-21.66,-50.91,-148.53,158.55209329383422,-20.360732905065298,-49.15183925266566,-147.08140767692979,156.40781064441288,-3.8500000000000014,0.22000000000000597,1.8199999999999932
327,-37.97,-40.769999999999996,-148.64499999999998,158.77902184563482,-36.64446655531055,-39.01560843194705,-147.06288318005716,156.5008825523659,-3.1199999999999974,0.05000000000000426,1.4950000000000045
328,-52.705,13.3,-148.0,157.6665711517872,-52.426668394182435,16.066866826613232,-146.9632613591354,156.8594911309202,0.4549999999999983,-0.049999999999998934,1.789999999999992
329,8.755,51.260000000000005,-147.11,156.06909229971006,9.208102441079467,54.308702842246845,-146.93006138718516,156.91611547006536,3.3150000000000004,-0.0899999999999963,1.9499999999999886
330,27.189999999999998,43.51,-147.515,156.21621298602398,28.014690202971536,46.806620343584186,-147.2860318038086,157.06322847716274,2.919999999999998,-0.10000000000000142,1.8950000000000102
331,-43.775000000000006,31.21,-147.64499999999998,157.13268853838832,-43.42419427632623,33.913558944214756,-147.2223756521975,157.19484095061011,1.644999999999996,-0.029999999999997584,1.7550000000000239
332,-29.095,44.754999999999995,-147.945,157.29819515113684,-28.710931876767553,47.901809032518635,-147.027262790502,157.2765618949232,2.655000000000001,-0.005000000000002558,1.8850000000000193
333,-10.935,51.6,-147.38,156.565747213706,-10.753752814948909,54.96377932568685,-147.06720925707825,157.3703411575163,3.1950000000000003,0.03999999999999915,2.0600000000000023
334,-49.935,-24.759999999999998,-149.09,159.18125166427234,-49.32458918922507,-22.854347822711013,-147.81364646448446,157.49320745421016,-1.8049999999999997,-0.00999999999999801,1.1200000000000045
335,-55.67,-5.635,-148.54000000000002,158.7378728685813,-54.98486716143026,-3.1439109455660317,-148.88771880350646,158.7475121169015,-1.1400000000000006,-0.20500000000000007,1.5699999999999932
